,movieId,title,rating,userId
0,1586,G.I. Jane (1997),,127137
1,1840,He Got Game (1998),,127137
2,6421,"Rare Breed, The (1966)",,127137
3,7251,Where the Day Takes You (1992),,127137
4,8772,"Spy Who Came in from the Cold, The (1965)",,127137
5,26399,Five Deadly Venoms (1978),,127137
6,26776,Porco Rosso (Crimson Pig) (Kurenai no buta) (1992),,127137
7,34464,Christmas in August (Palwolui Christmas) (1998),,127137
8,52199,Damnation (Karhozat) (1987),,127137
9,86312,"Mouse on the Moon, The (1963)",,127137
0,158,Casper (1995),,142748
1,1248,Touch of Evil (1958),,142748
2,2008,"This World, Then the Fireworks (1997)",,142748
3,2890,Three Kings (1999),,142748
4,5021,Murder by Death (1976),,142748
5,8622,Fahrenheit 9/11 (2004),,142748
6,33646,"Longest Yard, The (2005)",,142748
7,55282,30 Days of Night (2007),,142748
8,124352,I Was Monty's Double (1958),,142748
9,137078,Stranger in My House (1999),,142748
0,122,Boomerang (1992),,196198
1,2171,Next Stop Wonderland (1998),,196198
2,2714,"Wood, The (1999)",,196198
3,3584,Breathless (1983),,196198
4,4934,"Exterminator, The (1980)",,196198
5,6832,Regarding Henry (1991),,196198
6,8772,"Spy Who Came in from the Cold, The (1965)",,196198
7,140799,Truck Turner (1974),,196198
0,5021,Murder by Death (1976),,142586
1,5433,Silver Bullet (Stephen King's Silver Bullet) (1985),,142586
2,6457,Sink the Bismark! (1960),,142586
3,26776,Porco Rosso (Crimson Pig) (Kurenai no buta) (1992),,142586
4,96775,"Perfect Murder, The (1988)",,142586
5,107914,Fade To Black (1980),,142586
6,124539,Gunshy (1998),,142586
7,124546,Cops and Robbers (1951),,142586
8,127608,The UFO Incident (1975),,142586
9,136964,Murder in New Hampshire: The Pamela Wojas Smart Story (1999),,142586
0,10,GoldenEye (1995),,139240
1,50,"Usual Suspects, The (1995)",4.0,139240
2,1193,One Flew Over the Cuckoo's Nest (1975),,139240
3,1198,Raiders of the Lost Ark (Indiana Jones and the Raiders of the Lost Ark) (1981),,139240
4,1213,Goodfellas (1990),,139240
5,1228,Raging Bull (1980),,139240
6,1997,"Exorcist, The (1973)",,139240
7,2329,American History X (1998),4.5,139240
8,2712,Eyes Wide Shut (1999),,139240
0,894,Liebelei (1933),,199431
1,1376,Star Trek IV: The Voyage Home (1986),,199431
2,2008,"This World, Then the Fireworks (1997)",,199431
3,3328,Ghost Dog: The Way of the Samurai (1999),,199431
4,4356,Gentlemen Prefer Blondes (1953),,199431
5,4934,"Exterminator, The (1980)",,199431
6,8772,"Spy Who Came in from the Cold, The (1965)",,199431
7,25948,Yellow Sky (1948),,199431
8,157424,Because They're Young (1960),,199431
0,1,Toy Story (1995),,142749
1,139471,The Slaughterhouse Massacre (2005),,142749
2,139477,Dark Fields (2006),,142749
3,139485,Dead End Road (2004),,142749
4,139487,Mummy Maniac (2007),,142749
5,139489,Jinnah (1998),,142749
6,139493,L'arte della felicità (2013),,142749
7,139495,Going By The Book (2007),,142749
8,139497,Art Of The Devil (2004),,142749
9,139499,Camp Belvidere (2014),,142749
0,122,Boomerang (1992),,109507
1,1037,"Lawnmower Man, The (1992)",,109507
2,2171,Next Stop Wonderland (1998),,109507
3,3584,Breathless (1983),,109507
4,5114,"Bad and the Beautiful, The (1952)",,109507
5,8875,"Come Back, Little Sheba (1952)",,109507
6,140799,Truck Turner (1974),,109507
7,157424,Because They're Young (1960),,109507
0,27444,Vacuuming Completely Nude in Paradise (2001),,146213
1,34148,"Beat That My Heart Skipped, The (battre mon coeur s'est arrêté, De) (2005)",,146213
2,50821,Billy the Kid vs. Dracula (1966),,146213
3,50942,"Wake Up, Ron Burgundy (2004)",,146213
4,59935,Flesh Gordon (1974),,146213
5,106924,Zatoichi the Fugitive (Zatôichi kyôjô-tabi) (Zatôichi 4) (1963),,146213
6,163194,Davy Crockett and the River Pirates (1956),,146213
0,4902,"Devil's Backbone, The (Espinazo del diablo, El) (2001)",,144919
1,5878,Talk to Her (Hable con Ella) (2002),,144919
2,7449,Godsend (2004),,144919
3,39234,North Country (2005),,144919
4,57845,Joe Strummer: The Future Is Unwritten (2007),,144919
5,93502,"Ledge, The (2011)",,144919
6,94556,Citizen Gangster (2011) ,,144919
7,101756,Killing Bono (2011),,144919
8,109452,Omar (2013),,144919
9,141674,Summertime (2015),,144919
0,122,Boomerang (1992),,114328
1,916,Roman Holiday (1953),,114328
2,2167,Blade (1998),,114328
3,2171,Next Stop Wonderland (1998),,114328
4,2701,Wild Wild West (1999),,114328
5,3584,Breathless (1983),,114328
6,6350,Laputa: Castle in the Sky (Tenkû no shiro Rapyuta) (1986),,114328
7,34405,Serenity (2005),,114328
8,84601,Unknown (2011),,114328
9,111113,Neighbors (2014),,114328
0,50942,"Wake Up, Ron Burgundy (2004)",,143184
1,60887,Blindsight (2006),,143184
2,78247,"Drawn Together Movie: The Movie!, The (2010)",,143184
3,84525,Virus X (2010),,143184
4,130574,Something Wicked (2014),,143184
5,149548,Act Like You Love Me (2013),,143184
6,162754,Artie Lange: The Stench of Failure (2014),,143184
0,27701,"Old, New, Borrowed and Blue",,206003
1,33098,Ike: Countdown to D-Day (2004),,206003
2,44155,Five Children and It (2004),,206003
3,54185,Manufactured Landscapes (2006),,206003
4,73015,It's Complicated (2009),,206003
5,100253,Karlsson Brothers (Bröderna Karlsson) (2010),,206003
6,106144,"Selfish Giant, The (2013)",,206003
7,114891,Legendary (2010),,206003
8,117885,Grumpy Cat's Worst Christmas Ever (2014),,206003
9,159111,The Curse of Sleeping Beauty (2016),,206003
0,428,"Bronx Tale, A (1993)",,206313
1,1586,G.I. Jane (1997),,206313
2,1609,187 (One Eight Seven) (1997),,206313
3,1674,Witness (1985),,206313
4,4232,Spy Kids (2001),,206313
5,4574,Blind Fury (1989),,206313
6,4953,"People That Time Forgot, The (1977)",,206313
7,73015,It's Complicated (2009),,206313
8,73148,Bridge of Dragons (1999),,206313
9,101674,Horror of the Zombies (1974),,206313
0,2,Jumanji (1995),,101526
1,899,Singin' in the Rain (1952),,101526
2,908,North by Northwest (1959),,101526
3,3948,Meet the Parents (2000),,101526
4,6497,Is Paris Burning? (Paris brûle-t-il?) (1966),,101526
5,8503,Ivanhoe (1952),,101526
6,32795,"Caretaker, The (1963)",,101526
7,33507,Agatha (1979),,101526
8,45578,"Earth Is a Sinful Song, The (Maa on syntinen laulu) (1973)",,101526
9,141273,A Hill in Korea (1956),,101526
0,2171,Next Stop Wonderland (1998),,199727
1,6593,Freaky Friday (2003),,199727
2,7450,Laws of Attraction (2004),,199727
3,54378,Man's Job (Miehen työ) (2007),,199727
4,72171,Black Dynamite (2009),,199727
5,80094,"Last Exorcism, The (2010)",,199727
6,80831,Let Me In (2010),,199727
7,83525,Outrage (Autoreiji) (2010),,199727
8,104361,Ain't Them Bodies Saints (2013),,199727
9,124352,I Was Monty's Double (1958),,199727
0,1399,Marvin's Room (1996),,147520
1,4446,Final Fantasy: The Spirits Within (2001),,147520
2,7450,Laws of Attraction (2004),,147520
3,8528,Dodgeball: A True Underdog Story (2004),,147520
4,42015,Casanova (2005),,147520
5,50942,"Wake Up, Ron Burgundy (2004)",,147520
6,54378,Man's Job (Miehen työ) (2007),,147520
7,59549,Shelter (2007),,147520
8,80094,"Last Exorcism, The (2010)",,147520
9,88235,"Guard, The (2011)",,147520
0,1248,Touch of Evil (1958),,112406
1,1399,Marvin's Room (1996),,112406
2,1584,Contact (1997),,112406
3,3087,Scrooged (1988),,112406
4,5343,"Temp, The (1993)",,112406
5,5433,Silver Bullet (Stephen King's Silver Bullet) (1985),,112406
6,6510,"Bodies, Rest & Motion (1993)",,112406
7,8772,"Spy Who Came in from the Cold, The (1965)",,112406
8,26399,Five Deadly Venoms (1978),,112406
9,106924,Zatoichi the Fugitive (Zatôichi kyôjô-tabi) (Zatôichi 4) (1963),,112406
0,158,Casper (1995),,142517
1,1213,Goodfellas (1990),4.0,142517
2,1840,He Got Game (1998),,142517
3,2360,"Celebration, The (Festen) (1998)",,142517
4,2594,Open Your Eyes (Abre los ojos) (1997),,142517
5,2701,Wild Wild West (1999),,142517
6,5308,Three Men and a Baby (1987),,142517
7,7387,Dawn of the Dead (1978),,142517
8,164230,Money Play$ (1998),,142517
0,2362,Glen or Glenda (1953),,184994
1,3674,For the Love of Benji (1977),,184994
2,26267,Get to Know Your Rabbit (1972),,184994
3,34148,"Beat That My Heart Skipped, The (battre mon coeur s'est arrêté, De) (2005)",,184994
4,55814,"Diving Bell and the Butterfly, The (Scaphandre et le papillon, Le) (2007)",,184994
5,65142,Loft (2008),,184994
6,80430,Palermo Shooting (2008),,184994
7,138632,Tokyo Tribe (2014),,184994
8,160414,Mais Uma Vez Amor (2005),,184994
9,162226,E la chiamano estate (2012),,184994
0,70,From Dusk Till Dawn (1996),,144057
1,377,Speed (1994),,144057
2,1653,Gattaca (1997),,144057
3,3674,For the Love of Benji (1977),,144057
4,3717,Gone in 60 Seconds (2000),,144057
5,4027,"O Brother, Where Art Thou? (2000)",,144057
6,6628,Hot Dog... The Movie (1984),,144057
7,79213,Sade (2000),,144057
8,128245,Murder by Phone (1982),,144057
9,167572,Hercules: Zero to Hero (1999),,144057
0,1186,"Sex, Lies, and Videotape (1989)",,142088
1,1653,Gattaca (1997),,142088
2,2008,"This World, Then the Fireworks (1997)",,142088
3,2140,"Dark Crystal, The (1982)",,142088
4,2145,Pretty in Pink (1986),,142088
5,2171,Next Stop Wonderland (1998),,142088
6,3481,High Fidelity (2000),,142088
7,4934,"Exterminator, The (1980)",,142088
8,8772,"Spy Who Came in from the Cold, The (1965)",,142088
9,8875,"Come Back, Little Sheba (1952)",,142088
0,1248,Touch of Evil (1958),4.0,142133
1,2145,Pretty in Pink (1986),,142133
2,2167,Blade (1998),3.0,142133
3,8772,"Spy Who Came in from the Cold, The (1965)",,142133
4,34206,Crippled Masters (Tian can di que) (1979),,142133
5,84094,Beware of a Holy Whore (Warnung vor einer heiligen Nutte) (1971),,142133
0,2171,Next Stop Wonderland (1998),,159254
1,2971,All That Jazz (1979),,159254
2,8465,Johnny Eager (1942),,159254
3,25742,Destiny (a.k.a. Between Two Worlds) (Der müde Tod) (1921),,159254
4,26399,Five Deadly Venoms (1978),,159254
5,47927,"Sign of the Cross, The (1932)",,159254
6,70188,Wild River (1960),,159254
7,86368,Confessions of a Nazi Spy (1939),,159254
8,106924,Zatoichi the Fugitive (Zatôichi kyôjô-tabi) (Zatôichi 4) (1963),,159254
9,121911,Mine Own Executioner (1947),,159254
0,1248,Touch of Evil (1958),,142271
1,1609,187 (One Eight Seven) (1997),,142271
2,1983,Halloween II (1981),,142271
3,2008,"This World, Then the Fireworks (1997)",,142271
4,2167,Blade (1998),3.0,142271
5,3361,Bull Durham (1988),,142271
6,8772,"Spy Who Came in from the Cold, The (1965)",,142271
7,34206,Crippled Masters (Tian can di que) (1979),,142271
8,124352,I Was Monty's Double (1958),,142271
0,10,GoldenEye (1995),5.0,136783
1,2008,"This World, Then the Fireworks (1997)",,136783
2,2167,Blade (1998),,136783
3,2171,Next Stop Wonderland (1998),,136783
4,7618,Chaplin (1992),,136783
5,8772,"Spy Who Came in from the Cold, The (1965)",,136783
6,32211,Thriller: A Cruel Picture (Thriller - en grym film) (1974),,136783
7,124352,I Was Monty's Double (1958),,136783
8,137078,Stranger in My House (1999),,136783
0,916,Roman Holiday (1953),,142207
1,1059,William Shakespeare's Romeo + Juliet (1996),3.5,142207
2,2167,Blade (1998),,142207
3,6350,Laputa: Castle in the Sky (Tenkû no shiro Rapyuta) (1986),,142207
4,7618,Chaplin (1992),,142207
5,8012,Kikujiro (Kikujirô no natsu) (1999),,142207
0,344,Ace Ventura: Pet Detective (1994),,121034
1,1059,William Shakespeare's Romeo + Juliet (1996),,121034
2,1653,Gattaca (1997),,121034
3,2145,Pretty in Pink (1986),,121034
4,2167,Blade (1998),,121034
5,2171,Next Stop Wonderland (1998),,121034
6,2701,Wild Wild West (1999),,121034
7,4934,"Exterminator, The (1980)",,121034
0,1248,Touch of Evil (1958),,134054
1,2145,Pretty in Pink (1986),,134054
2,5021,Murder by Death (1976),,134054
3,5343,"Temp, The (1993)",,134054
4,5433,Silver Bullet (Stephen King's Silver Bullet) (1985),,134054
5,89114,"Last Frontier, The (1955)",,134054
6,106924,Zatoichi the Fugitive (Zatôichi kyôjô-tabi) (Zatôichi 4) (1963),,134054
7,136148,The Sign of Venus (1955),,134054
0,6281,Phone Booth (2002),,118509
1,7450,Laws of Attraction (2004),,118509
2,50942,"Wake Up, Ron Burgundy (2004)",,118509
3,54378,Man's Job (Miehen työ) (2007),,118509
4,85572,"New Daughter, The (2009)",,118509
5,101210,"Silence, The (Das letzte Schweigen) (2010)",,118509
6,162226,E la chiamano estate (2012),,118509
7,162414,Moonlight,,118509
0,162,Crumb (1994),,192730
1,168,First Knight (1995),,192730
2,218,Boys on the Side (1995),,192730
3,1369,I Can't Sleep (J'ai pas sommeil) (1994),,192730
4,2925,"Conformist, The (Conformista, Il) (1970)",,192730
5,4080,Baby Boom (1987),,192730
6,5433,Silver Bullet (Stephen King's Silver Bullet) (1985),,192730
7,5928,"Border, The (1982)",,192730
8,52199,Damnation (Karhozat) (1987),,192730
9,118778,The Baby Maker (1970),,192730
0,122,Boomerang (1992),,147669
1,552,"Three Musketeers, The (1993)",,147669
2,1037,"Lawnmower Man, The (1992)",,147669
3,1586,G.I. Jane (1997),,147669
4,4934,"Exterminator, The (1980)",,147669
5,5114,"Bad and the Beautiful, The (1952)",,147669
6,6497,Is Paris Burning? (Paris brûle-t-il?) (1966),,147669
7,7220,Micki + Maude (1984),,147669
8,8370,"Blind Swordsman: Zatoichi, The (Zatôichi) (2003)",,147669
9,85403,"Little Night Music, A (1977)",,147669
0,2171,Next Stop Wonderland (1998),,129337
1,4695,Who'll Stop the Rain (1978),,129337
2,4934,"Exterminator, The (1980)",,129337
3,7759,Nostalghia (1983),,129337
4,8012,Kikujiro (Kikujirô no natsu) (1999),,129337
5,48647,"Last Bolshevik, The (Tombeau d'Alexandre, Le) (1993)",,129337
6,89285,Keep Walking (Camminacammina) (1983),,129337
7,101706,Lush Life (1993),,129337
8,146134,Jaane Bhi Do Yaaro (1983),,129337
9,161038,The Ordeal of Patty Hearst (1979),,129337
0,213,Burnt by the Sun (Utomlyonnye solntsem) (1994),,134111
1,599,"Wild Bunch, The (1969)",,134111
2,1120,"People vs. Larry Flynt, The (1996)",,134111
3,3546,What Ever Happened to Baby Jane? (1962),,134111
4,4005,"Living Daylights, The (1987)",,134111
5,4499,Dirty Rotten Scoundrels (1988),,134111
6,7618,Chaplin (1992),,134111
7,8772,"Spy Who Came in from the Cold, The (1965)",,134111
8,34464,Christmas in August (Palwolui Christmas) (1998),,134111
9,158651,The Truth (1960),,134111
0,1037,"Lawnmower Man, The (1992)",,134638
1,1059,William Shakespeare's Romeo + Juliet (1996),,134638
2,2167,Blade (1998),2.5,134638
3,2745,"Mission, The (1986)",,134638
4,4934,"Exterminator, The (1980)",,134638
5,5114,"Bad and the Beautiful, The (1952)",,134638
6,7220,Micki + Maude (1984),,134638
7,8668,Some Girl (1998),,134638
8,85403,"Little Night Music, A (1977)",,134638
0,5883,They (2002),,206697
1,33145,"Lot Like Love, A (2005)",,206697
2,53154,Zoo (2007),,206697
3,59549,Shelter (2007),,206697
4,59607,King Corn (2007),,206697
5,72764,Transylmania (2009),,206697
6,85572,"New Daughter, The (2009)",,206697
7,101210,"Silence, The (Das letzte Schweigen) (2010)",,206697
8,162226,E la chiamano estate (2012),,206697
9,164765,Love Finds You In Sugarcreek (2014),,206697
0,2167,Blade (1998),,133940
1,2997,Being John Malkovich (1999),,133940
2,4934,"Exterminator, The (1980)",,133940
3,26267,Get to Know Your Rabbit (1972),,133940
4,26280,Traffic (Trafic) (1971),,133940
5,27174,Without Evidence (1995),,133940
6,106672,Club Fed (1990),,133940
7,131974,Welcome to 18 (1986),,133940
8,164230,Money Play$ (1998),,133940
0,4953,"People That Time Forgot, The (1977)",,167279
1,7450,Laws of Attraction (2004),,167279
2,50942,"Wake Up, Ron Burgundy (2004)",,167279
3,59549,Shelter (2007),,167279
4,60887,Blindsight (2006),,167279
5,66330,Fireflies in the Garden (2008),,167279
6,72171,Black Dynamite (2009),,167279
7,80094,"Last Exorcism, The (2010)",,167279
8,101629,"King - Jari Litmanen, The (Kuningas Litmanen) (2012)",,167279
9,130574,Something Wicked (2014),,167279
0,1019,"20,000 Leagues Under the Sea (1954)",,193792
1,1267,"Manchurian Candidate, The (1962)",,193792
2,1609,187 (One Eight Seven) (1997),,193792
3,1840,He Got Game (1998),,193792
4,1957,Chariots of Fire (1981),,193792
5,2171,Next Stop Wonderland (1998),,193792
6,2971,All That Jazz (1979),,193792
7,7387,Dawn of the Dead (1978),,193792
8,7618,Chaplin (1992),,193792
9,8772,"Spy Who Came in from the Cold, The (1965)",,193792
0,10,GoldenEye (1995),,140214
1,1237,"Seventh Seal, The (Sjunde inseglet, Det) (1957)",3.5,140214
2,1248,Touch of Evil (1958),,140214
3,1682,"Truman Show, The (1998)",4.5,140214
4,2145,Pretty in Pink (1986),,140214
5,2167,Blade (1998),,140214
6,3967,Billy Elliot (2000),,140214
7,6242,Ringu (Ring) (1998),,140214
8,7419,After Hours (1985),,140214
9,86312,"Mouse on the Moon, The (1963)",,140214
0,7450,Laws of Attraction (2004),,145687
1,52872,Woman Is the Future of Man (Yeojaneun namjaui miraeda) (2004),,145687
2,60887,Blindsight (2006),,145687
3,66330,Fireflies in the Garden (2008),,145687
4,105044,"Unspeakable Act, The (2012)",,145687
5,121417,Scorned (1994),,145687
6,128233,St. Louis Blues (1958),,145687
7,130574,Something Wicked (2014),,145687
8,132995,Dear Lemon Lima (2009),,145687
9,136914,RISE (2014),,145687
0,8865,Sky Captain and the World of Tomorrow (2004),,204084
1,42725,Grandma's Boy (2006),,204084
2,45442,Poseidon (2006),,204084
3,54256,Hot Rod (2007),,204084
4,55442,Persepolis (2007),,204084
5,69436,Year One (2009),,204084
6,72393,"Fourth Kind, The (2009)",,204084
7,77427,"Human Centipede, The (First Sequence) (2009)",,204084
8,85401,Super (2010),,204084
9,139120,Mustang (2015),,204084
0,50,"Usual Suspects, The (1995)",,142720
1,110,Braveheart (1995),3.5,142720
2,364,"Lion King, The (1994)",,142720
3,1193,One Flew Over the Cuckoo's Nest (1975),,142720
4,1200,Aliens (1986),3.0,142720
5,1206,"Clockwork Orange, A (1971)",,142720
6,1219,Psycho (1960),,142720
7,1222,Full Metal Jacket (1987),,142720
8,1682,"Truman Show, The (1998)",3.5,142720
0,70,From Dusk Till Dawn (1996),,134491
1,158,Casper (1995),,134491
2,1059,William Shakespeare's Romeo + Juliet (1996),,134491
3,1653,Gattaca (1997),4.5,134491
4,2078,"Jungle Book, The (1967)",,134491
5,2232,Cube (1997),3.5,134491
6,2360,"Celebration, The (Festen) (1998)",,134491
7,3821,Nutty Professor II: The Klumps (2000),,134491
8,5308,Three Men and a Baby (1987),,134491
9,7387,Dawn of the Dead (1978),,134491
0,1399,Marvin's Room (1996),,133842
1,2167,Blade (1998),,133842
2,8669,Stay Hungry (1976),,133842
3,26280,Traffic (Trafic) (1971),,133842
4,27174,Without Evidence (1995),,133842
5,164230,Money Play$ (1998),,133842
6,171051,Without Evidence (1995),,133842
0,1302,Field of Dreams (1989),,134663
1,1748,Dark City (1998),,134663
2,2167,Blade (1998),,134663
3,2294,Antz (1998),,134663
4,2423,Christmas Vacation (National Lampoon's Christmas Vacation) (1989),,134663
5,3617,Road Trip (2000),,134663
6,3697,Predator 2 (1990),,134663
7,3703,"Road Warrior, The (Mad Max 2) (1981)",4.0,134663
8,3977,Charlie's Angels (2000),,134663
9,4128,"Lost Boys, The (1987)",,134663
0,163,Desperado (1995),,142744
1,1597,Conspiracy Theory (1997),,142744
2,1840,He Got Game (1998),,142744
3,2167,Blade (1998),,142744
4,2231,Rounders (1998),,142744
5,2971,All That Jazz (1979),,142744
6,7022,Battle Royale (Batoru rowaiaru) (2000),,142744
7,7387,Dawn of the Dead (1978),,142744
0,586,Home Alone (1990),3.0,130496
1,1193,One Flew Over the Cuckoo's Nest (1975),3.5,130496
2,1198,Raiders of the Lost Ark (Indiana Jones and the Raiders of the Lost Ark) (1981),3.5,130496
3,1206,"Clockwork Orange, A (1971)",5.0,130496
4,1213,Goodfellas (1990),4.5,130496
5,1954,Rocky (1976),4.5,130496
6,1961,Rain Man (1988),3.5,130496
7,2329,American History X (1998),5.0,130496
8,2542,"Lock, Stock & Two Smoking Barrels (1998)",,130496
0,2171,Next Stop Wonderland (1998),,169305
1,2890,Three Kings (1999),,169305
2,8772,"Spy Who Came in from the Cold, The (1965)",,169305
3,88697,SUBWAYStories: Tales from the Underground (1997),,169305
4,124352,I Was Monty's Double (1958),,169305
5,125970,Halloweentown (1998),,169305
6,137078,Stranger in My House (1999),,169305
7,140433,The Deerslayer (1957),,169305
8,166332,Hunted (1952),,169305
0,589,Terminator 2: Judgment Day (1991),,142754
1,5989,Catch Me If You Can (2002),,142754
2,6874,Kill Bill: Vol. 1 (2003),,142754
3,8961,"Incredibles, The (2004)",0.5,142754
4,40815,Harry Potter and the Goblet of Fire (2005),,142754
5,68319,X-Men Origins: Wolverine (2009),,142754
6,68358,Star Trek (2009),,142754
7,102445,Star Trek Into Darkness (2013),,142754
8,106916,American Hustle (2013),,142754
9,122912,Avengers: Infinity War - Part I (2018),,142754
0,1172,Cinema Paradiso (Nuovo cinema Paradiso) (1989),,135097
1,1200,Aliens (1986),,135097
2,1237,"Seventh Seal, The (Sjunde inseglet, Det) (1957)",,135097
3,1464,Lost Highway (1997),,135097
4,1840,He Got Game (1998),,135097
5,2890,Three Kings (1999),,135097
6,7022,Battle Royale (Batoru rowaiaru) (2000),,135097
7,7387,Dawn of the Dead (1978),,135097
8,69429,Home from the Hill (1960),,135097
9,152489,Don King: Only in America (1997),,135097
0,2,Jumanji (1995),,134220
1,2701,Wild Wild West (1999),3.5,134220
2,2714,"Wood, The (1999)",,134220
3,3674,For the Love of Benji (1977),,134220
4,3948,Meet the Parents (2000),,134220
5,4780,Liam (2000),,134220
6,6393,For Sale (À Vendre) (1998),,134220
7,26267,Get to Know Your Rabbit (1972),,134220
8,79213,Sade (2000),,134220
9,164230,Money Play$ (1998),,134220
0,303,"Quick and the Dead, The (1995)",,142635
1,670,"World of Apu, The (Apur Sansar) (1959)",,142635
2,1965,Repo Man (1984),,142635
3,3054,Pokémon: The First Movie (1998),,142635
4,4907,Across 110th Street (1972),,142635
5,5361,White Fang (1991),,142635
6,8494,"Cincinnati Kid, The (1965)",,142635
7,54964,Die! Die! My Darling! (Fanatic) (1965),,142635
8,85403,"Little Night Music, A (1977)",,142635
9,164230,Money Play$ (1998),,142635
0,916,Roman Holiday (1953),,108188
1,1840,He Got Game (1998),,108188
2,5421,"Dangerous Lives of Altar Boys, The (2002)",,108188
3,7387,Dawn of the Dead (1978),,108188
4,8367,"Time of the Wolf, The (Le temps du loup) (2003)",,108188
5,84794,What Is It? (2005),,108188
6,104361,Ain't Them Bodies Saints (2013),,108188
7,117418,Victor and the Secret of Crocodile Mansion (2012),,108188
8,134370,Still the Water (2014),,108188
9,160360,How to Let Go of the World and Love All the Things Climate Can't Change (2016),,108188
0,1172,Cinema Paradiso (Nuovo cinema Paradiso) (1989),,142745
1,1609,187 (One Eight Seven) (1997),,142745
2,2145,Pretty in Pink (1986),,142745
3,5940,Eating Raoul (1982),,142745
4,6131,Some Kind of Hero (1982),,142745
5,8772,"Spy Who Came in from the Cold, The (1965)",,142745
6,31195,Pippi in the South Seas (Pippi Långstrump på de sju haven) (1970),,142745
7,34464,Christmas in August (Palwolui Christmas) (1998),,142745
8,86312,"Mouse on the Moon, The (1963)",,142745
9,159181,"Johnny Cash: The Man, His World, His Music (1969)",,142745
0,50,"Usual Suspects, The (1995)",5.0,139325
1,70,From Dusk Till Dawn (1996),,139325
2,1200,Aliens (1986),,139325
3,1225,Amadeus (1984),,139325
4,1228,Raging Bull (1980),,139325
5,1552,Con Air (1997),,139325
6,1682,"Truman Show, The (1998)",4.0,139325
7,2167,Blade (1998),,139325
8,2329,American History X (1998),5.0,139325
9,2890,Three Kings (1999),,139325
0,5407,"Bûche, La (1999)",,143646
1,7388,"Brother Sun, Sister Moon (Fratello sole, sorella luna) (1972)",,143646
2,8772,"Spy Who Came in from the Cold, The (1965)",,143646
3,25835,Dead End (1937),,143646
4,64906,"Battle of Britain, The (Why We Fight, 4) (1943)",,143646
5,84111,"Nun, The (La religieuse) (1966)",,143646
6,100145,Palms (Ladoni) (1994),,143646
7,106672,Club Fed (1990),,143646
8,164230,Money Play$ (1998),,143646
0,2171,Next Stop Wonderland (1998),,191060
1,2369,Desperately Seeking Susan (1985),,191060
2,4934,"Exterminator, The (1980)",,191060
3,6156,Shanghai Knights (2003),,191060
4,6628,Hot Dog... The Movie (1984),,191060
5,8772,"Spy Who Came in from the Cold, The (1965)",,191060
6,8875,"Come Back, Little Sheba (1952)",,191060
7,96131,K-20: The Fiend with Twenty Faces (2008),,191060
8,106785,Homefront (2013),,191060
9,125067,Waltz of the Toreadors (1962),,191060
0,6155,How to Lose a Guy in 10 Days (2003),,142752
1,7293,50 First Dates (2004),,142752
2,30825,Meet the Fockers (2004),,142752
3,33646,"Longest Yard, The (2005)",,142752
4,55282,30 Days of Night (2007),,142752
5,63072,"Road, The (2009)",,142752
6,90866,Hugo (2011),,142752
7,96829,"Hunt, The (Jagten) (2012)",,142752
8,97306,Seven Psychopaths (2012),,142752
9,107069,Lone Survivor (2013),,142752
0,1609,187 (One Eight Seven) (1997),,146609
1,2167,Blade (1998),,146609
2,2404,Rambo III (1988),,146609
3,2890,Three Kings (1999),,146609
4,3210,Fast Times at Ridgemont High (1982),,146609
5,3361,Bull Durham (1988),,146609
6,8772,"Spy Who Came in from the Cold, The (1965)",,146609
7,25948,Yellow Sky (1948),,146609
8,26776,Porco Rosso (Crimson Pig) (Kurenai no buta) (1992),,146609
0,1609,187 (One Eight Seven) (1997),,144775
1,1840,He Got Game (1998),,144775
2,7771,Zorba the Greek (Alexis Zorbas) (1964),,144775
3,39818,"Swindle, The (Bidone, Il) (1955)",,144775
4,84111,"Nun, The (La religieuse) (1966)",,144775
5,103249,World War Z (2013),,144775
6,106920,Her (2013),,144775
7,140367,Rikki-Tikki-Tavi (1975),,144775
8,140799,Truck Turner (1974),,144775
9,164230,Money Play$ (1998),,144775
0,5960,Bad Influence (1990),,125944
1,8772,"Spy Who Came in from the Cold, The (1965)",,125944
2,26399,Five Deadly Venoms (1978),,125944
3,31195,Pippi in the South Seas (Pippi Långstrump på de sju haven) (1970),,125944
4,32058,Class Action (1991),,125944
5,34206,Crippled Masters (Tian can di que) (1979),,125944
6,42556,7 Faces of Dr. Lao (1964),,125944
7,84094,Beware of a Holy Whore (Warnung vor einer heiligen Nutte) (1971),,125944
8,86312,"Mouse on the Moon, The (1963)",,125944
9,109450,News from Home (1977),,125944
0,8644,"I, Robot (2004)",,113269
1,60072,Wanted (2008),,113269
2,68319,X-Men Origins: Wolverine (2009),,113269
3,90405,In Time (2011),,113269
4,96610,Looper (2012),,113269
5,104913,Rush (2013),,113269
6,106916,American Hustle (2013),,113269
7,111113,Neighbors (2014),,113269
8,112171,"Equalizer, The (2014)",,113269
9,115569,Nightcrawler (2014),,113269
0,10,GoldenEye (1995),,136559
1,1193,One Flew Over the Cuckoo's Nest (1975),,136559
2,1207,To Kill a Mockingbird (1962),,136559
3,1213,Goodfellas (1990),4.0,136559
4,1228,Raging Bull (1980),,136559
5,1544,"Lost World: Jurassic Park, The (1997)",,136559
6,1997,"Exorcist, The (1973)",,136559
7,2194,"Untouchables, The (1987)",,136559
8,3948,Meet the Parents (2000),,136559
0,10,GoldenEye (1995),,135478
1,1228,Raging Bull (1980),4.0,135478
2,1682,"Truman Show, The (1998)",4.0,135478
3,1722,Tomorrow Never Dies (1997),,135478
4,2167,Blade (1998),,135478
5,2329,American History X (1998),3.5,135478
6,2701,Wild Wild West (1999),,135478
7,2890,Three Kings (1999),,135478
8,7022,Battle Royale (Batoru rowaiaru) (2000),,135478
0,1196,Star Wars: Episode V - The Empire Strikes Back (1980),,142753
1,2858,American Beauty (1999),,142753
2,40815,Harry Potter and the Goblet of Fire (2005),,142753
3,55820,No Country for Old Men (2007),,142753
4,56174,I Am Legend (2007),,142753
5,63082,Slumdog Millionaire (2008),,142753
6,88140,Captain America: The First Avenger (2011),,142753
7,94864,Prometheus (2012),,142753
8,117529,Jurassic World (2015),,142753
9,122914,Avengers: Infinity War - Part II (2019),,142753
0,2008,"This World, Then the Fireworks (1997)",,185299
1,2171,Next Stop Wonderland (1998),,185299
2,4934,"Exterminator, The (1980)",,185299
3,8772,"Spy Who Came in from the Cold, The (1965)",,185299
4,8875,"Come Back, Little Sheba (1952)",,185299
5,31195,Pippi in the South Seas (Pippi Långstrump på de sju haven) (1970),,185299
6,34464,Christmas in August (Palwolui Christmas) (1998),,185299
7,163194,Davy Crockett and the River Pirates (1956),,185299
0,1089,Reservoir Dogs (1992),,149168
1,1201,"Good, the Bad and the Ugly, The (Buono, il brutto, il cattivo, Il) (1966)",,149168
2,1206,"Clockwork Orange, A (1971)",,149168
3,1210,Star Wars: Episode VI - Return of the Jedi (1983),,149168
4,1213,Goodfellas (1990),,149168
5,1219,Psycho (1960),,149168
6,1240,"Terminator, The (1984)",,149168
7,1704,Good Will Hunting (1997),,149168
8,2028,Saving Private Ryan (1998),,149168
9,2542,"Lock, Stock & Two Smoking Barrels (1998)",,149168
0,477,What's Love Got to Do with It? (1993),,121366
1,2320,Apt Pupil (1998),,121366
2,2358,Savior (1998),,121366
3,2933,"Fire Within, The (Feu follet, Le) (1963)",,121366
4,6817,"White Hunter, Black Heart (1990)",,121366
5,8068,Sundays and Cybele (Les dimanches de Ville d'Avray) (1962),,121366
6,77217,"Tender Trap, The (1955)",,121366
7,89135,"Birds, the Bees and the Italians, The (Signore & signori) (1966)",,121366
8,89769,"Romantic Englishwoman, The (1975)",,121366
9,106963,"War Between Men and Women, The (1972)",,121366
0,10,GoldenEye (1995),,191112
1,303,"Quick and the Dead, The (1995)",,191112
2,4992,Kate & Leopold (2001),,191112
3,8799,Little Black Book (2004),,191112
4,8866,Wimbledon (2004),,191112
5,26776,Porco Rosso (Crimson Pig) (Kurenai no buta) (1992),,191112
6,33437,Unleashed (Danny the Dog) (2005),,191112
7,85881,Win Win (2011),,191112
8,88356,"Smurfs, The (2011)",,191112
9,160878,The Kind Words (2015),,191112
0,2171,Next Stop Wonderland (1998),,143404
1,3584,Breathless (1983),,143404
2,6156,Shanghai Knights (2003),,143404
3,25948,Yellow Sky (1948),,143404
4,137054,Daniels Daughter (2008),,143404
5,140799,Truck Turner (1974),,143404
6,149548,Act Like You Love Me (2013),,143404
7,149550,Gone Fishing (2012),,143404
8,149624,Soap Opera (2014),,143404
9,152208,The Final Member (2012),,143404
0,5021,Murder by Death (1976),,162895
1,8772,"Spy Who Came in from the Cold, The (1965)",,162895
2,26399,Five Deadly Venoms (1978),,162895
3,34206,Crippled Masters (Tian can di que) (1979),,162895
4,59935,Flesh Gordon (1974),,162895
5,80456,Long Weekend (1978),,162895
6,124352,I Was Monty's Double (1958),,162895
7,163194,Davy Crockett and the River Pirates (1956),,162895
8,166241,Crack in the World (1965),,162895
0,2008,"This World, Then the Fireworks (1997)",,203718
1,2171,Next Stop Wonderland (1998),,203718
2,3485,Autopsy (Macchie Solari) (1975),,203718
3,3906,Under Suspicion (2000),,203718
4,5697,Terror Train (1980),,203718
5,6131,Some Kind of Hero (1982),,203718
6,8772,"Spy Who Came in from the Cold, The (1965)",,203718
7,136148,The Sign of Venus (1955),,203718
8,137078,Stranger in My House (1999),,203718
9,159181,"Johnny Cash: The Man, His World, His Music (1969)",,203718
0,1248,Touch of Evil (1958),,139825
1,1445,McHale's Navy (1997),,139825
2,1717,Scream 2 (1997),2.5,139825
3,1840,He Got Game (1998),,139825
4,2321,Pleasantville (1998),3.5,139825
5,2333,Gods and Monsters (1998),,139825
6,7387,Dawn of the Dead (1978),3.5,139825
7,82633,"Kuroneko (Black Cat from the Grove, The) (Yabu no naka no kuroneko) (1968)",,139825
8,97184,588 Rue Paradis (Mother) (1992),,139825
0,111,Taxi Driver (1976),,142742
1,589,Terminator 2: Judgment Day (1991),,142742
2,733,"Rock, The (1996)",,142742
3,1196,Star Wars: Episode V - The Empire Strikes Back (1980),,142742
4,1208,Apocalypse Now (1979),,142742
5,1213,Goodfellas (1990),,142742
6,2028,Saving Private Ryan (1998),,142742
7,2762,"Sixth Sense, The (1999)",,142742
8,2858,American Beauty (1999),,142742
9,2959,Fight Club (1999),,142742
0,1609,187 (One Eight Seven) (1997),,133028
1,2167,Blade (1998),,133028
2,3361,Bull Durham (1988),,133028
3,5343,"Temp, The (1993)",,133028
4,5433,Silver Bullet (Stephen King's Silver Bullet) (1985),,133028
5,8772,"Spy Who Came in from the Cold, The (1965)",,133028
6,89114,"Last Frontier, The (1955)",,133028
7,106924,Zatoichi the Fugitive (Zatôichi kyôjô-tabi) (Zatôichi 4) (1963),,133028
8,136148,The Sign of Venus (1955),,133028
0,2171,Next Stop Wonderland (1998),,103561
1,3584,Breathless (1983),,103561
2,5928,"Border, The (1982)",,103561
3,6350,Laputa: Castle in the Sky (Tenkû no shiro Rapyuta) (1986),,103561
4,8772,"Spy Who Came in from the Cold, The (1965)",,103561
5,27554,To Kill a King,,103561
6,31195,Pippi in the South Seas (Pippi Långstrump på de sju haven) (1970),,103561
7,34464,Christmas in August (Palwolui Christmas) (1998),,103561
8,96131,K-20: The Fiend with Twenty Faces (2008),,103561
9,175249,To Kill a King (2003),,103561
0,40752,Takeshis' (2005),,149815
1,59549,Shelter (2007),,149815
2,72171,Black Dynamite (2009),,149815
3,88235,"Guard, The (2011)",,149815
4,101629,"King - Jari Litmanen, The (Kuningas Litmanen) (2012)",,149815
5,106197,Girl Most Likely (2012),,149815
6,119571,Teenage Dirtbag (2009),,149815
7,134921,A Year in Burgundy (2013),,149815
8,151905,Le Mac (2010),,149815
9,164765,Love Finds You In Sugarcreek (2014),,149815
0,10,GoldenEye (1995),3.0,142747
1,303,"Quick and the Dead, The (1995)",,142747
2,1213,Goodfellas (1990),,142747
3,1274,Akira (1988),,142747
4,1544,"Lost World: Jurassic Park, The (1997)",,142747
5,1717,Scream 2 (1997),,142747
6,2194,"Untouchables, The (1987)",3.0,142747
7,2427,"Thin Red Line, The (1998)",,142747
8,2701,Wild Wild West (1999),,142747
9,3948,Meet the Parents (2000),,142747
0,10,GoldenEye (1995),,136395
1,70,From Dusk Till Dawn (1996),,136395
2,1213,Goodfellas (1990),,136395
3,1653,Gattaca (1997),4.5,136395
4,1722,Tomorrow Never Dies (1997),,136395
5,3930,"Creature from the Black Lagoon, The (1954)",,136395
6,5118,"Heartbreak Kid, The (1972)",,136395
7,25948,Yellow Sky (1948),,136395
8,89114,"Last Frontier, The (1955)",,136395
9,164230,Money Play$ (1998),,136395
0,10,GoldenEye (1995),,182933
1,4493,Critters 2: The Main Course (1988),,182933
2,5054,Brainstorm (1983),,182933
3,7450,Laws of Attraction (2004),,182933
4,31188,"Milky Way, The (Voie lactée, La) (1969)",,182933
5,34148,"Beat That My Heart Skipped, The (battre mon coeur s'est arrêté, De) (2005)",,182933
6,50942,"Wake Up, Ron Burgundy (2004)",0.5,182933
7,123089,The McKenzie Break (1970),,182933
8,148386,The Wind of the Night (1999),,182933
9,160378,Sicario (1994),,182933
0,70,From Dusk Till Dawn (1996),,141963
1,519,RoboCop 3 (1993),3.5,141963
2,8772,"Spy Who Came in from the Cold, The (1965)",,141963
3,31374,Hobson's Choice (1954),,141963
4,34206,Crippled Masters (Tian can di que) (1979),,141963
5,77449,Ben (1972),,141963
6,84094,Beware of a Holy Whore (Warnung vor einer heiligen Nutte) (1971),,141963
7,92683,Stella Does Tricks (1996),,141963
8,141273,A Hill in Korea (1956),,141963
0,26267,Get to Know Your Rabbit (1972),,149181
1,46101,The Great New Wonderful (2005),,149181
2,59549,Shelter (2007),,149181
3,66789,Screamers: The Hunting (2009),,149181
4,72171,Black Dynamite (2009),,149181
5,76189,Growth (2009),,149181
6,95026,Exporting Raymond (2010),,149181
7,95595,Bela Kiss: Prologue (2013),,149181
8,106672,Club Fed (1990),,149181
9,154210,The chosen (2006),,149181
0,303,"Quick and the Dead, The (1995)",,138229
1,1019,"20,000 Leagues Under the Sea (1954)",,138229
2,2171,Next Stop Wonderland (1998),,138229
3,2971,All That Jazz (1979),,138229
4,4446,Final Fantasy: The Spirits Within (2001),,138229
5,5433,Silver Bullet (Stephen King's Silver Bullet) (1985),,138229
6,5796,Casino Royale (1967),,138229
7,7618,Chaplin (1992),,138229
8,42015,Casanova (2005),,138229
9,70188,Wild River (1960),,138229
0,35629,"Sea, The (Hafið) (2002)",,202964
1,64620,Frost/Nixon (2008),,202964
2,68237,Moon (2009),,202964
3,73266,Youth in Revolt (2009),,202964
4,82093,London Boulevard (2010),,202964
5,84100,Throw Down (Yau doh lung fu bong) (2004),,202964
6,88977,Loose Cannons (Mine vaganti) (2010),,202964
7,91094,"Muppets, The (2011)",,202964
8,155796,Confession of a Child of the Century (2012),,202964
9,165441,American Pastoral (2016),,202964
0,6593,Freaky Friday (2003),,142670
1,6957,Bad Santa (2003),,142670
2,7325,Starsky & Hutch (2004),,142670
3,7450,Laws of Attraction (2004),,142670
4,8622,Fahrenheit 9/11 (2004),,142670
5,50942,"Wake Up, Ron Burgundy (2004)",,142670
6,59549,Shelter (2007),,142670
7,73268,Daybreakers (2010),,142670
8,80094,"Last Exorcism, The (2010)",,142670
9,88235,"Guard, The (2011)",,142670
0,3361,Bull Durham (1988),,134681
1,5308,Three Men and a Baby (1987),,134681
2,8772,"Spy Who Came in from the Cold, The (1965)",,134681
3,32211,Thriller: A Cruel Picture (Thriller - en grym film) (1974),,134681
4,84094,Beware of a Holy Whore (Warnung vor einer heiligen Nutte) (1971),,134681
5,123087,The Return of Sabata (1971),,134681
6,124352,I Was Monty's Double (1958),,134681
7,137078,Stranger in My House (1999),,134681
8,149080,A Fare to Remember,,134681
9,155996,Alex: The Life of a Child (1986),,134681
0,122,Boomerang (1992),,141574
1,1342,Candyman (1992),,141574
2,3125,"End of the Affair, The (1999)",,141574
3,3584,Breathless (1983),,141574
4,5928,"Border, The (1982)",,141574
5,8772,"Spy Who Came in from the Cold, The (1965)",,141574
6,34464,Christmas in August (Palwolui Christmas) (1998),,141574
7,140799,Truck Turner (1974),,141574
0,4446,Final Fantasy: The Spirits Within (2001),,143694
1,33145,"Lot Like Love, A (2005)",,143694
2,42015,Casanova (2005),,143694
3,66330,Fireflies in the Garden (2008),,143694
4,77307,Dogtooth (Kynodontas) (2009),,143694
5,95595,Bela Kiss: Prologue (2013),,143694
6,104303,Jobs (2013),,143694
7,110553,The Amazing Spider-Man 2 (2014),,143694
0,168,First Knight (1995),,133678
1,4954,Ocean's Eleven (a.k.a. Ocean's 11) (1960),,133678
2,26267,Get to Know Your Rabbit (1972),,133678
3,27174,Without Evidence (1995),,133678
4,69429,Home from the Hill (1960),,133678
5,103380,A Coming-Out Party (1961),,133678
6,106672,Club Fed (1990),,133678
7,164230,Money Play$ (1998),,133678
8,171051,Without Evidence (1995),,133678
0,39,Clueless (1995),,150784
1,1037,"Lawnmower Man, The (1992)",,150784
2,1713,Mouse Hunt (1997),,150784
3,2008,"This World, Then the Fireworks (1997)",,150784
4,2052,Hocus Pocus (1993),,150784
5,2745,"Mission, The (1986)",,150784
6,3328,Ghost Dog: The Way of the Samurai (1999),,150784
7,4499,Dirty Rotten Scoundrels (1988),,150784
8,125119,Johnny Cool (1963),,150784
9,157424,Because They're Young (1960),,150784
0,2008,"This World, Then the Fireworks (1997)",,133047
1,5021,Murder by Death (1976),,133047
2,5407,"Bûche, La (1999)",,133047
3,5878,Talk to Her (Hable con Ella) (2002),,133047
4,7450,Laws of Attraction (2004),,133047
5,50794,Smokin' Aces (2006),,133047
6,76077,Hot Tub Time Machine (2010),,133047
7,95207,Abraham Lincoln: Vampire Hunter (2012),,133047
8,122902,Fantastic Four (2015),,133047
9,132480,The Age of Adaline (2015),,133047
0,6156,Shanghai Knights (2003),,145581
1,27554,To Kill a King,,145581
2,72764,Transylmania (2009),,145581
3,81204,"Disappeared, The (2008)",,145581
4,100452,"Devil's Tomb, The (2009)",,145581
5,102951,All In: The Poker Movie (2009),,145581
6,106785,Homefront (2013),,145581
7,111844,Bad Asses (Bad Ass 2) (2014),,145581
8,175249,To Kill a King (2003),,145581
0,4754,"Wicker Man, The (1973)",,149078
1,4999,Dodsworth (1936),,149078
2,5021,Murder by Death (1976),,149078
3,5111,"Good Son, The (1993)",,149078
4,25742,Destiny (a.k.a. Between Two Worlds) (Der müde Tod) (1921),,149078
5,25948,Yellow Sky (1948),,149078
6,39731,Champion (1949),,149078
7,89016,What Did the Lady Forget? (Shukujo wa nani o wasureta ka) (1937) ,,149078
8,96775,"Perfect Murder, The (1988)",,149078
0,5952,"Lord of the Rings: The Two Towers, The (2002)",,142746
1,68157,Inglourious Basterds (2009),,142746
2,73431,"Maiden Heist, The (2009)",,142746
3,74156,Edge of Darkness (2010),,142746
4,78097,Forbidden Door (Pintu Terlarang) (2009),,142746
5,94556,Citizen Gangster (2011) ,,142746
6,98983,Arsène Lupin (2004),,142746
7,109189,Endless Love (2014),,142746
8,114891,Legendary (2010),,142746
9,152599,Please Teach Me English (2003),,142746
0,122,Boomerang (1992),,197571
1,168,First Knight (1995),,197571
2,1713,Mouse Hunt (1997),,197571
3,3584,Breathless (1983),,197571
4,5008,Witness for the Prosecution (1957),,197571
5,6497,Is Paris Burning? (Paris brûle-t-il?) (1966),,197571
6,7618,Chaplin (1992),,197571
7,8668,Some Girl (1998),,197571
8,8772,"Spy Who Came in from the Cold, The (1965)",,197571
9,140799,Truck Turner (1974),,197571
0,3930,"Creature from the Black Lagoon, The (1954)",,206743
1,4375,"Adventures of Felix, The (a.k.a. Funny Felix) (Drôle de Félix) (2000)",,206743
2,6131,Some Kind of Hero (1982),,206743
3,6421,"Rare Breed, The (1966)",,206743
4,26399,Five Deadly Venoms (1978),,206743
5,34206,Crippled Masters (Tian can di que) (1979),,206743
6,34464,Christmas in August (Palwolui Christmas) (1998),,206743
7,86312,"Mouse on the Moon, The (1963)",,206743
8,164230,Money Play$ (1998),,206743
0,1399,Marvin's Room (1996),,143188
1,6806,Time and Tide (Seunlau Ngaklau) (2000),,143188
2,8669,Stay Hungry (1976),,143188
3,54378,Man's Job (Miehen työ) (2007),,143188
4,59549,Shelter (2007),,143188
5,78247,"Drawn Together Movie: The Movie!, The (2010)",,143188
6,91628,New Year's Eve (2011),,143188
7,124352,I Was Monty's Double (1958),,143188
8,136966,Murder Without Motive: The Edmund Perry Story (1992),,143188
9,164230,Money Play$ (1998),,143188
0,8622,Fahrenheit 9/11 (2004),,150287
1,27904,"Scanner Darkly, A (2006)",,150287
2,34148,"Beat That My Heart Skipped, The (battre mon coeur s'est arrêté, De) (2005)",,150287
3,42015,Casanova (2005),,150287
4,80430,Palermo Shooting (2008),,150287
5,84100,Throw Down (Yau doh lung fu bong) (2004),,150287
6,105504,Captain Phillips (2013),,150287
7,139813,Sand Castles (2014),,150287
8,151967,Pyaar Tune Kya Kiya,,150287
9,162226,E la chiamano estate (2012),,150287
0,42015,Casanova (2005),,190752
1,50942,"Wake Up, Ron Burgundy (2004)",,190752
2,59549,Shelter (2007),,190752
3,59607,King Corn (2007),,190752
4,72171,Black Dynamite (2009),,190752
5,72764,Transylmania (2009),,190752
6,163949,The Beatles: Eight Days a Week - The Touring Years (2016),,190752
7,164765,Love Finds You In Sugarcreek (2014),,190752
0,1059,William Shakespeare's Romeo + Juliet (1996),,141595
1,1840,He Got Game (1998),,141595
2,2427,"Thin Red Line, The (1998)",,141595
3,2594,Open Your Eyes (Abre los ojos) (1997),,141595
4,2672,"Thirteenth Floor, The (1999)",,141595
5,3977,Charlie's Angels (2000),,141595
6,7387,Dawn of the Dead (1978),,141595
7,97184,588 Rue Paradis (Mother) (1992),,141595
8,164230,Money Play$ (1998),,141595
0,2008,"This World, Then the Fireworks (1997)",,143762
1,2171,Next Stop Wonderland (1998),,143762
2,8725,"Goodbye, Columbus (1969)",,143762
3,8772,"Spy Who Came in from the Cold, The (1965)",,143762
4,8875,"Come Back, Little Sheba (1952)",,143762
5,31195,Pippi in the South Seas (Pippi Långstrump på de sju haven) (1970),,143762
6,34464,Christmas in August (Palwolui Christmas) (1998),,143762
7,107914,Fade To Black (1980),,143762
8,136148,The Sign of Venus (1955),,143762
9,159181,"Johnny Cash: The Man, His World, His Music (1969)",,143762
0,1302,Field of Dreams (1989),,125862
1,1748,Dark City (1998),,125862
2,2294,Antz (1998),2.5,125862
3,2423,Christmas Vacation (National Lampoon's Christmas Vacation) (1989),,125862
4,3617,Road Trip (2000),,125862
5,3697,Predator 2 (1990),,125862
6,3703,"Road Warrior, The (Mad Max 2) (1981)",,125862
7,3977,Charlie's Angels (2000),1.0,125862
8,4128,"Lost Boys, The (1987)",,125862
9,7618,Chaplin (1992),,125862
0,70,From Dusk Till Dawn (1996),,133992
1,1213,Goodfellas (1990),4.0,133992
2,1304,Butch Cassidy and the Sundance Kid (1969),,133992
3,1653,Gattaca (1997),,133992
4,2078,"Jungle Book, The (1967)",,133992
5,2232,Cube (1997),,133992
6,2329,American History X (1998),4.5,133992
7,3702,Mad Max (1979),,133992
8,3717,Gone in 60 Seconds (2000),4.0,133992
9,5690,Grave of the Fireflies (Hotaru no haka) (1988),,133992
0,3674,For the Love of Benji (1977),,143797
1,5021,Murder by Death (1976),,143797
2,5343,"Temp, The (1993)",,143797
3,6497,Is Paris Burning? (Paris brûle-t-il?) (1966),,143797
4,6510,"Bodies, Rest & Motion (1993)",,143797
5,8668,Some Girl (1998),,143797
6,26267,Get to Know Your Rabbit (1972),,143797
7,66579,"Lost, The (2009)",,143797
8,140799,Truck Turner (1974),,143797
9,164230,Money Play$ (1998),,143797
0,4628,New York Stories (1989),,108285
1,8772,"Spy Who Came in from the Cold, The (1965)",,108285
2,26267,Get to Know Your Rabbit (1972),,108285
3,57754,Bamako (2006),,108285
4,64906,"Battle of Britain, The (Why We Fight, 4) (1943)",,108285
5,79213,Sade (2000),,108285
6,81204,"Disappeared, The (2008)",,108285
7,104361,Ain't Them Bodies Saints (2013),,108285
8,141950,6 Years (2015),,108285
0,1237,"Seventh Seal, The (Sjunde inseglet, Det) (1957)",2.5,190112
1,2171,Next Stop Wonderland (1998),,190112
2,3584,Breathless (1983),,190112
3,4934,"Exterminator, The (1980)",,190112
4,6628,Hot Dog... The Movie (1984),,190112
5,118734,Zorro (1975),,190112
6,120879,Soap and Water (1983),,190112
7,140799,Truck Turner (1974),,190112
0,2171,Next Stop Wonderland (1998),,125273
1,5343,"Temp, The (1993)",,125273
2,6510,"Bodies, Rest & Motion (1993)",,125273
3,8533,"Notebook, The (2004)",,125273
4,26399,Five Deadly Venoms (1978),,125273
5,40815,Harry Potter and the Goblet of Fire (2005),,125273
6,70188,Wild River (1960),,125273
7,89114,"Last Frontier, The (1955)",,125273
8,106924,Zatoichi the Fugitive (Zatôichi kyôjô-tabi) (Zatôichi 4) (1963),,125273
9,136148,The Sign of Venus (1955),,125273
0,235,Ed Wood (1994),,142736
1,736,Twister (1996),,142736
2,1059,William Shakespeare's Romeo + Juliet (1996),,142736
3,1249,"Femme Nikita, La (Nikita) (1990)",,142736
4,2420,"Karate Kid, The (1984)",,142736
5,2841,Stir of Echoes (1999),,142736
6,3257,"Bodyguard, The (1992)",,142736
7,4489,Coming to America (1988),,142736
8,5021,Murder by Death (1976),,142736
9,26792,Sidekicks (1992),,142736
0,45074,"Wild, The (2006)",,136834
1,50942,"Wake Up, Ron Burgundy (2004)",,136834
2,67799,The Butterfly Effect 3: Revelations (2009),,136834
3,72171,Black Dynamite (2009),,136834
4,73431,"Maiden Heist, The (2009)",,136834
5,80094,"Last Exorcism, The (2010)",,136834
6,84794,What Is It? (2005),,136834
7,95026,Exporting Raymond (2010),,136834
8,103574,Jug Face (2013),,136834
9,149344,Pete's Christmas (2013),,136834
0,1399,Marvin's Room (1996),,100726
1,3558,"Law, The (a.k.a. Where the Hot Wind Blows!) (Legge, La) (1958)",,100726
2,6464,Good Burger (1997),3.0,100726
3,6466,Mississippi Masala (1991),,100726
4,26280,Traffic (Trafic) (1971),,100726
5,70188,Wild River (1960),,100726
6,85403,"Little Night Music, A (1977)",,100726
7,97184,588 Rue Paradis (Mother) (1992),,100726
8,112463,Black Gunn (1972),,100726
9,164230,Money Play$ (1998),,100726
0,1549,Rough Magic (1995),,117707
1,2171,Next Stop Wonderland (1998),,117707
2,4569,Best of the Best 2 (1993),,117707
3,5727,Deadly Blessing (1981),,117707
4,5928,"Border, The (1982)",,117707
5,6131,Some Kind of Hero (1982),,117707
6,34464,Christmas in August (Palwolui Christmas) (1998),,117707
7,52199,Damnation (Karhozat) (1987),,117707
8,84094,Beware of a Holy Whore (Warnung vor einer heiligen Nutte) (1971),,117707
9,86312,"Mouse on the Moon, The (1963)",,117707
0,1037,"Lawnmower Man, The (1992)",,139587
1,2008,"This World, Then the Fireworks (1997)",,139587
2,3584,Breathless (1983),,139587
3,4934,"Exterminator, The (1980)",,139587
4,5925,"Beast Within, The (1982)",,139587
5,31195,Pippi in the South Seas (Pippi Långstrump på de sju haven) (1970),,139587
6,125067,Waltz of the Toreadors (1962),,139587
7,125119,Johnny Cool (1963),,139587
8,140799,Truck Turner (1974),,139587
9,157424,Because They're Young (1960),,139587
0,8934,Bebe's Kids (1992),,143989
1,64234,"Guyver, The (1991)",,143989
2,88697,SUBWAYStories: Tales from the Underground (1997),,143989
3,97670,My Forbidden Past (1951),,143989
4,101674,Horror of the Zombies (1974),,143989
5,125970,Halloweentown (1998),,143989
6,136534,Grandma Got Run Over by a Reindeer (2000),,143989
7,140433,The Deerslayer (1957),,143989
8,153648,The Snow Queen (1957),,143989
9,166332,Hunted (1952),,143989
0,698,Delta of Venus (1995),,143981
1,796,"Very Natural Thing, A (1974)",,143981
2,7450,Laws of Attraction (2004),,143981
3,31389,Dr. Who and the Daleks (1965),,143981
4,50942,"Wake Up, Ron Burgundy (2004)",,143981
5,111233,Tentacles (Tentacoli) (1977),,143981
6,126225,"So Sweet, So Dead (1972)",,143981
7,128675,Hollow Point (1996),,143981
8,149308,Depeche Mode: 101 (1989),,143981
9,156720,Burning an Illusion (1981),,143981
0,1237,"Seventh Seal, The (Sjunde inseglet, Det) (1957)",,100368
1,2145,Pretty in Pink (1986),,100368
2,2890,Three Kings (1999),,100368
3,3361,Bull Durham (1988),,100368
4,4999,Dodsworth (1936),,100368
5,8465,Johnny Eager (1942),,100368
6,26776,Porco Rosso (Crimson Pig) (Kurenai no buta) (1992),,100368
7,39818,"Swindle, The (Bidone, Il) (1955)",,100368
8,47927,"Sign of the Cross, The (1932)",,100368
9,83538,"Léon Morin, Priest (Léon Morin, prêtre) (1961)",,100368
0,6881,Pieces of April (2003),,101067
1,81204,"Disappeared, The (2008)",,101067
2,83279,Samoure (2005),,101067
3,98167,In Their Sleep (Dans ton sommeil) (2010),,101067
4,101303,Amber Lake (2011) ,,101067
5,104601,"Stranger Within, The (2013)",,101067
6,109862,You've Been Trumped (2011),,101067
7,110433,Möbius (2013),,101067
8,112674,Bulletproof Salesman (2008),,101067
9,141950,6 Years (2015),,101067
0,2008,"This World, Then the Fireworks (1997)",,146520
1,2171,Next Stop Wonderland (1998),,146520
2,2971,All That Jazz (1979),,146520
3,32211,Thriller: A Cruel Picture (Thriller - en grym film) (1974),,146520
4,34206,Crippled Masters (Tian can di que) (1979),,146520
5,70188,Wild River (1960),,146520
6,106924,Zatoichi the Fugitive (Zatôichi kyôjô-tabi) (Zatôichi 4) (1963),,146520
7,124352,I Was Monty's Double (1958),,146520
8,137078,Stranger in My House (1999),,146520
0,1193,One Flew Over the Cuckoo's Nest (1975),5.0,142666
1,1597,Conspiracy Theory (1997),,142666
2,1682,"Truman Show, The (1998)",,142666
3,1722,Tomorrow Never Dies (1997),,142666
4,1840,He Got Game (1998),,142666
5,2167,Blade (1998),,142666
6,2231,Rounders (1998),,142666
7,2701,Wild Wild West (1999),,142666
8,2971,All That Jazz (1979),,142666
9,7022,Battle Royale (Batoru rowaiaru) (2000),,142666
0,1376,Star Trek IV: The Voyage Home (1986),,142735
1,2594,Open Your Eyes (Abre los ojos) (1997),,142735
2,2672,"Thirteenth Floor, The (1999)",,142735
3,4367,Lara Croft: Tomb Raider (2001),,142735
4,4499,Dirty Rotten Scoundrels (1988),,142735
5,5407,"Bûche, La (1999)",,142735
6,7076,Bullitt (1968),,142735
7,79213,Sade (2000),,142735
8,100498,"Good Day to Die Hard, A (2013)",,142735
9,106672,Club Fed (1990),,142735
0,1237,"Seventh Seal, The (Sjunde inseglet, Det) (1957)",,106986
1,1248,Touch of Evil (1958),,106986
2,1909,"X-Files: Fight the Future, The (1998)",,106986
3,2890,Three Kings (1999),,106986
4,3361,Bull Durham (1988),,106986
5,6973,Final Analysis (1992),,106986
6,7618,Chaplin (1992),,106986
7,34206,Crippled Masters (Tian can di que) (1979),,106986
8,84094,Beware of a Holy Whore (Warnung vor einer heiligen Nutte) (1971),,106986
9,161264,Something for a Lonely Man (1968),,106986
0,6,Heat (1995),,149142
1,5418,"Bourne Identity, The (2002)",,149142
2,8957,Saw (2004),,149142
3,27773,Old Boy (2003),,149142
4,33166,Crash (2004),,149142
5,33679,Mr. & Mrs. Smith (2005),,149142
6,56174,I Am Legend (2007),,149142
7,68319,X-Men Origins: Wolverine (2009),,149142
8,69757,(500) Days of Summer (2009),,149142
9,92259,Intouchables (2011),,149142
0,3930,"Creature from the Black Lagoon, The (1954)",,143584
1,8772,"Spy Who Came in from the Cold, The (1965)",,143584
2,34148,"Beat That My Heart Skipped, The (battre mon coeur s'est arrêté, De) (2005)",,143584
3,34206,Crippled Masters (Tian can di que) (1979),,143584
4,40815,Harry Potter and the Goblet of Fire (2005),,143584
5,86312,"Mouse on the Moon, The (1963)",,143584
6,97115,El tren de la memoria (2005),,143584
7,149090,The Code,,143584
8,155597,Prologue (2015),,143584
0,2423,Christmas Vacation (National Lampoon's Christmas Vacation) (1989),,162234
1,6188,Old School (2003),,162234
2,6586,American Wedding (American Pie 3) (2003),,162234
3,7251,Where the Day Takes You (1992),,162234
4,8772,"Spy Who Came in from the Cold, The (1965)",,162234
5,34464,Christmas in August (Palwolui Christmas) (1998),,162234
6,44022,Ice Age 2: The Meltdown (2006),,162234
7,57528,Rambo (Rambo 4) (2008),,162234
8,86312,"Mouse on the Moon, The (1963)",,162234
9,97115,El tren de la memoria (2005),,162234
0,2890,Three Kings (1999),,122708
1,6249,Boat Trip (2003),,122708
2,8863,Evergreen (2004),,122708
3,43904,When a Stranger Calls (2006),,122708
4,51187,Kidulthood (2006),,122708
5,92192,Apollo 18 (2011),,122708
6,99143,Cirque du Soleil: Worlds Away (2012),,122708
7,101629,"King - Jari Litmanen, The (Kuningas Litmanen) (2012)",,122708
8,128181,Cody the Robosapien (2013),,122708
9,132995,Dear Lemon Lima (2009),,122708
0,46101,The Great New Wonderful (2005),,160779
1,59549,Shelter (2007),,160779
2,66789,Screamers: The Hunting (2009),,160779
3,68932,"Soloist, The (2009)",,160779
4,85572,"New Daughter, The (2009)",,160779
5,91094,"Muppets, The (2011)",,160779
6,95026,Exporting Raymond (2010),,160779
7,95595,Bela Kiss: Prologue (2013),,160779
8,101210,"Silence, The (Das letzte Schweigen) (2010)",,160779
9,154210,The chosen (2006),,160779
0,40815,Harry Potter and the Goblet of Fire (2005),,206330
1,42015,Casanova (2005),,206330
2,60887,Blindsight (2006),,206330
3,69278,Land of the Lost (2009),,206330
4,73431,"Maiden Heist, The (2009)",,206330
5,84525,Virus X (2010),,206330
6,104361,Ain't Them Bodies Saints (2013),,206330
7,110375,Bond Girls Are Forever (2002),,206330
8,126387,Modris (2014),,206330
9,162662,Hockney (2014),,206330
0,2593,"Monster, The (Mostro, Il) (1994)",,143407
1,4298,Rififi (Du rififi chez les hommes) (1955),,143407
2,5021,Murder by Death (1976),,143407
3,6806,Time and Tide (Seunlau Ngaklau) (2000),,143407
4,27444,Vacuuming Completely Nude in Paradise (2001),,143407
5,50942,"Wake Up, Ron Burgundy (2004)",,143407
6,124352,I Was Monty's Double (1958),,143407
7,136966,Murder Without Motive: The Edmund Perry Story (1992),,143407
8,137078,Stranger in My House (1999),,143407
9,153891,Herbstmilch (1989),,143407
0,50,"Usual Suspects, The (1995)",,139603
1,364,"Lion King, The (1994)",,139603
2,894,Liebelei (1933),,139603
3,2439,Affliction (1997),,139603
4,2548,"Rage: Carrie 2, The (1999)",,139603
5,2827,"Astronaut's Wife, The (1999)",,139603
6,3958,Billy Jack Goes to Washington (1977),,139603
7,6497,Is Paris Burning? (Paris brûle-t-il?) (1966),,139603
8,27077,Thick as Thieves (1999),,139603
9,56174,I Am Legend (2007),,139603
0,2,Jumanji (1995),,142731
1,6,Heat (1995),,142731
2,50,"Usual Suspects, The (1995)",,142731
3,1193,One Flew Over the Cuckoo's Nest (1975),,142731
4,1213,Goodfellas (1990),,142731
5,1219,Psycho (1960),,142731
6,1222,Full Metal Jacket (1987),,142731
7,3948,Meet the Parents (2000),,142731
0,34148,"Beat That My Heart Skipped, The (battre mon coeur s'est arrêté, De) (2005)",,102032
1,50942,"Wake Up, Ron Burgundy (2004)",,102032
2,54378,Man's Job (Miehen työ) (2007),,102032
3,59549,Shelter (2007),,102032
4,59607,King Corn (2007),,102032
5,72171,Black Dynamite (2009),,102032
6,72764,Transylmania (2009),,102032
7,78247,"Drawn Together Movie: The Movie!, The (2010)",,102032
8,80094,"Last Exorcism, The (2010)",,102032
9,164765,Love Finds You In Sugarcreek (2014),,102032
0,1037,"Lawnmower Man, The (1992)",,138418
1,1609,187 (One Eight Seven) (1997),,138418
2,4499,Dirty Rotten Scoundrels (1988),,138418
3,4934,"Exterminator, The (1980)",,138418
4,6628,Hot Dog... The Movie (1984),,138418
5,7122,King of Hearts (1966),,138418
6,7618,Chaplin (1992),,138418
7,118734,Zorro (1975),,138418
8,120879,Soap and Water (1983),,138418
9,125119,Johnny Cool (1963),,138418
0,168,First Knight (1995),,137008
1,1245,Miller's Crossing (1990),,137008
2,2841,Stir of Echoes (1999),,137008
3,3910,Dancer in the Dark (2000),,137008
4,3986,"6th Day, The (2000)",,137008
5,7387,Dawn of the Dead (1978),,137008
6,7388,"Brother Sun, Sister Moon (Fratello sole, sorella luna) (1972)",,137008
7,26776,Porco Rosso (Crimson Pig) (Kurenai no buta) (1992),,137008
8,83538,"Léon Morin, Priest (Léon Morin, prêtre) (1961)",,137008
0,1200,Aliens (1986),,142224
1,1206,"Clockwork Orange, A (1971)",,142224
2,1237,"Seventh Seal, The (Sjunde inseglet, Det) (1957)",,142224
3,1248,Touch of Evil (1958),,142224
4,2167,Blade (1998),,142224
5,5816,Harry Potter and the Chamber of Secrets (2002),,142224
6,7022,Battle Royale (Batoru rowaiaru) (2000),,142224
7,34206,Crippled Masters (Tian can di que) (1979),,142224
8,40815,Harry Potter and the Goblet of Fire (2005),,142224
0,768,Someone Else's America (1995),,148537
1,1655,Phantoms (1998),,148537
2,4848,Mulholland Drive (2001),,148537
3,8772,"Spy Who Came in from the Cold, The (1965)",,148537
4,34206,Crippled Masters (Tian can di que) (1979),,148537
5,40581,Just Friends (2005),,148537
6,54999,Shoot 'Em Up (2007),,148537
7,73266,Youth in Revolt (2009),,148537
8,84100,Throw Down (Yau doh lung fu bong) (2004),,148537
9,139813,Sand Castles (2014),,148537
0,3584,Breathless (1983),3.0,123593
1,6574,Eve of Destruction (1991),,123593
2,8772,"Spy Who Came in from the Cold, The (1965)",4.5,123593
3,34464,Christmas in August (Palwolui Christmas) (1998),,123593
4,121417,Scorned (1994),,123593
5,123326,The Man From The Alamo (1953),,123593
6,129721,Chiedimi se sono felice (2000),,123593
7,135673,Macaroni (1985),,123593
8,140799,Truck Turner (1974),,123593
9,157424,Because They're Young (1960),,123593
0,27702,Sniper 2 (2002),,150626
1,52224,Turn of Faith (2002),,150626
2,54331,You Kill Me (2007),,150626
3,73431,"Maiden Heist, The (2009)",,150626
4,74431,Takva: A Man's Fear of God (2006),,150626
5,88697,SUBWAYStories: Tales from the Underground (1997),,150626
6,101262,Geek Charming (2011),,150626
7,110352,Survival Island (Three) (2005),,150626
8,114459,White Bird in a Blizzard (2014),,150626
9,150258,Jane Got a Gun (2015),,150626
0,2971,All That Jazz (1979),,146831
1,4934,"Exterminator, The (1980)",,146831
2,5407,"Bûche, La (1999)",,146831
3,8669,Stay Hungry (1976),,146831
4,40815,Harry Potter and the Goblet of Fire (2005),,146831
5,50942,"Wake Up, Ron Burgundy (2004)",,146831
6,80094,"Last Exorcism, The (2010)",,146831
7,97184,588 Rue Paradis (Mother) (1992),,146831
8,162414,Moonlight,,146831
9,164230,Money Play$ (1998),,146831
0,6593,Freaky Friday (2003),,143169
1,7450,Laws of Attraction (2004),,143169
2,27444,Vacuuming Completely Nude in Paradise (2001),,143169
3,54378,Man's Job (Miehen työ) (2007),,143169
4,67799,The Butterfly Effect 3: Revelations (2009),,143169
5,77259,Circle of Eight (2009),,143169
6,84525,Virus X (2010),,143169
7,84794,What Is It? (2005),,143169
8,136666,Search Party (2014),,143169
9,160770,Traded (2016),,143169
0,2,Jumanji (1995),2.0,142702
1,1059,William Shakespeare's Romeo + Juliet (1996),,142702
2,1213,Goodfellas (1990),5.0,142702
3,1653,Gattaca (1997),3.5,142702
4,1840,He Got Game (1998),,142702
5,2273,Rush Hour (1998),2.0,142702
6,2997,Being John Malkovich (1999),4.0,142702
7,3948,Meet the Parents (2000),1.5,142702
8,7387,Dawn of the Dead (1978),,142702
0,1037,"Lawnmower Man, The (1992)",,106656
1,1713,Mouse Hunt (1997),,106656
2,2005,"Goonies, The (1985)",,106656
3,2008,"This World, Then the Fireworks (1997)",,106656
4,2171,Next Stop Wonderland (1998),,106656
5,2266,"Butcher's Wife, The (1991)",,106656
6,26399,Five Deadly Venoms (1978),,106656
7,90203,Tony Arzenta (No Way Out) (Big Guns) (1973),,106656
8,133792,The Designated Victim (1971),,106656
9,157424,Because They're Young (1960),,106656
0,4446,Final Fantasy: The Spirits Within (2001),,126843
1,4851,Things Behind the Sun (2001),,126843
2,5094,Rollerball (2002),,126843
3,46919,End of the Spear (2005),,126843
4,65142,Loft (2008),,126843
5,80430,Palermo Shooting (2008),,126843
6,110433,Möbius (2013),,126843
7,114494,Who Am I (Kein System Ist Sicher) (2014),,126843
8,151967,Pyaar Tune Kya Kiya,,126843
9,152336,Piranha Sharks (2014),,126843
0,2,Jumanji (1995),,130730
1,589,Terminator 2: Judgment Day (1991),,130730
2,592,Batman (1989),,130730
3,899,Singin' in the Rain (1952),,130730
4,908,North by Northwest (1959),,130730
5,926,All About Eve (1950),,130730
6,1059,William Shakespeare's Romeo + Juliet (1996),,130730
7,1101,Top Gun (1986),,130730
8,3752,"Me, Myself & Irene (2000)",,130730
9,3948,Meet the Parents (2000),,130730
0,7618,Chaplin (1992),,106496
1,34148,"Beat That My Heart Skipped, The (battre mon coeur s'est arrêté, De) (2005)",,106496
2,50942,"Wake Up, Ron Burgundy (2004)",,106496
3,60887,Blindsight (2006),,106496
4,65142,Loft (2008),,106496
5,66330,Fireflies in the Garden (2008),,106496
6,80430,Palermo Shooting (2008),,106496
7,110433,Möbius (2013),,106496
8,130574,Something Wicked (2014),,106496
0,10,GoldenEye (1995),,140734
1,541,Blade Runner (1982),,140734
2,1172,Cinema Paradiso (Nuovo cinema Paradiso) (1989),,140734
3,1193,One Flew Over the Cuckoo's Nest (1975),3.0,140734
4,1237,"Seventh Seal, The (Sjunde inseglet, Det) (1957)",,140734
5,1682,"Truman Show, The (1998)",4.0,140734
6,1784,As Good as It Gets (1997),,140734
7,2167,Blade (1998),,140734
8,2329,American History X (1998),,140734
9,2890,Three Kings (1999),,140734
0,4809,Silkwood (1983),,145949
1,7142,Honey (2003),,145949
2,7618,Chaplin (1992),,145949
3,7771,Zorba the Greek (Alexis Zorbas) (1964),,145949
4,27444,Vacuuming Completely Nude in Paradise (2001),,145949
5,34148,"Beat That My Heart Skipped, The (battre mon coeur s'est arrêté, De) (2005)",,145949
6,69429,Home from the Hill (1960),,145949
7,85572,"New Daughter, The (2009)",,145949
8,97184,588 Rue Paradis (Mother) (1992),,145949
9,134921,A Year in Burgundy (2013),,145949
0,3103,Stanley & Iris (1990),,139035
1,4493,Critters 2: The Main Course (1988),,139035
2,6497,Is Paris Burning? (Paris brûle-t-il?) (1966),,139035
3,8772,"Spy Who Came in from the Cold, The (1965)",4.0,139035
4,26776,Porco Rosso (Crimson Pig) (Kurenai no buta) (1992),4.0,139035
5,26792,Sidekicks (1992),,139035
6,34206,Crippled Masters (Tian can di que) (1979),,139035
7,103380,A Coming-Out Party (1961),,139035
8,164230,Money Play$ (1998),,139035
0,303,"Quick and the Dead, The (1995)",,138052
1,1029,Dumbo (1941),,138052
2,2018,Bambi (1942),2.5,138052
3,4214,Revenge of the Nerds (1984),,138052
4,25948,Yellow Sky (1948),,138052
5,45170,Mata Hari (1931),,138052
6,82017,"Viking, The (1928)",,138052
7,103380,A Coming-Out Party (1961),,138052
8,106672,Club Fed (1990),,138052
9,131206,Calling Dr. Kildare (1939),,138052
0,215,Before Sunrise (1995),,108685
1,589,Terminator 2: Judgment Day (1991),,108685
2,1200,Aliens (1986),,108685
3,1237,"Seventh Seal, The (Sjunde inseglet, Det) (1957)",,108685
4,1653,Gattaca (1997),,108685
5,1682,"Truman Show, The (1998)",,108685
6,2167,Blade (1998),,108685
7,2329,American History X (1998),,108685
8,2997,Being John Malkovich (1999),,108685
9,32735,Arabian Nights (Il fiore delle mille e una notte) (1974),,108685
0,4367,Lara Croft: Tomb Raider (2001),,151088
1,6057,Biker Boyz (2003),,151088
2,8528,Dodgeball: A True Underdog Story (2004),,151088
3,40815,Harry Potter and the Goblet of Fire (2005),,151088
4,76251,Kick-Ass (2010),,151088
5,88977,Loose Cannons (Mine vaganti) (2010),,151088
6,119571,Teenage Dirtbag (2009),,151088
7,151967,Pyaar Tune Kya Kiya,,151088
8,155796,Confession of a Child of the Century (2012),,151088
9,165441,American Pastoral (2016),,151088
0,7450,Laws of Attraction (2004),,145014
1,42015,Casanova (2005),,145014
2,50942,"Wake Up, Ron Burgundy (2004)",,145014
3,54378,Man's Job (Miehen työ) (2007),,145014
4,58434,"Little Trip to Heaven, A (2005)",,145014
5,59549,Shelter (2007),,145014
6,60887,Blindsight (2006),,145014
7,80094,"Last Exorcism, The (2010)",,145014
8,83525,Outrage (Autoreiji) (2010),,145014
9,130574,Something Wicked (2014),,145014
0,1840,He Got Game (1998),,142711
1,2320,Apt Pupil (1998),,142711
2,3461,Lord of the Flies (1963),,142711
3,5021,Murder by Death (1976),,142711
4,5433,Silver Bullet (Stephen King's Silver Bullet) (1985),,142711
5,6817,"White Hunter, Black Heart (1990)",,142711
6,8126,Shock Corridor (1963),,142711
7,89114,"Last Frontier, The (1955)",,142711
8,106924,Zatoichi the Fugitive (Zatôichi kyôjô-tabi) (Zatôichi 4) (1963),,142711
9,124352,I Was Monty's Double (1958),,142711
0,1185,My Left Foot (1989),,133340
1,1237,"Seventh Seal, The (Sjunde inseglet, Det) (1957)",,133340
2,3930,"Creature from the Black Lagoon, The (1954)",,133340
3,6464,Good Burger (1997),,133340
4,34206,Crippled Masters (Tian can di que) (1979),,133340
5,83538,"Léon Morin, Priest (Léon Morin, prêtre) (1961)",,133340
6,106672,Club Fed (1990),,133340
7,106924,Zatoichi the Fugitive (Zatôichi kyôjô-tabi) (Zatôichi 4) (1963),,133340
8,109450,News from Home (1977),,133340
9,164230,Money Play$ (1998),,133340
0,168,First Knight (1995),1.5,115060
1,1037,"Lawnmower Man, The (1992)",,115060
2,1248,Touch of Evil (1958),3.5,115060
3,1655,Phantoms (1998),,115060
4,4499,Dirty Rotten Scoundrels (1988),,115060
5,4934,"Exterminator, The (1980)",,115060
6,5114,"Bad and the Beautiful, The (1952)",,115060
7,5925,"Beast Within, The (1982)",,115060
8,7122,King of Hearts (1966),,115060
9,125119,Johnny Cool (1963),,115060
0,1213,Goodfellas (1990),,137954
1,2672,"Thirteenth Floor, The (1999)",,137954
2,2808,Universal Soldier (1992),,137954
3,3210,Fast Times at Ridgemont High (1982),,137954
4,6464,Good Burger (1997),,137954
5,7387,Dawn of the Dead (1978),,137954
6,26776,Porco Rosso (Crimson Pig) (Kurenai no buta) (1992),,137954
7,131974,Welcome to 18 (1986),,137954
8,164230,Money Play$ (1998),,137954
0,4446,Final Fantasy: The Spirits Within (2001),,161610
1,6281,Phone Booth (2002),,161610
2,6726,"Song for Martin, A (Sång för Martin, En) (2001)",,161610
3,7450,Laws of Attraction (2004),,161610
4,27904,"Scanner Darkly, A (2006)",,161610
5,42015,Casanova (2005),,161610
6,50942,"Wake Up, Ron Burgundy (2004)",,161610
7,138632,Tokyo Tribe (2014),,161610
8,143365,The Circle (2016),2.0,161610
9,162414,Moonlight,,161610
0,6593,Freaky Friday (2003),,142741
1,8528,Dodgeball: A True Underdog Story (2004),,142741
2,37733,"History of Violence, A (2005)",,142741
3,46976,Stranger than Fiction (2006),,142741
4,51077,Ghost Rider (2007),,142741
5,80094,"Last Exorcism, The (2010)",,142741
6,88235,"Guard, The (2011)",,142741
7,94478,Dark Shadows (2012),,142741
8,95875,Total Recall (2012),,142741
9,107141,Saving Mr. Banks (2013),,142741
0,519,RoboCop 3 (1993),1.0,113754
1,768,Someone Else's America (1995),,113754
2,832,Ransom (1996),5.0,113754
3,1237,"Seventh Seal, The (Sjunde inseglet, Det) (1957)",1.0,113754
4,1983,Halloween II (1981),,113754
5,2840,Stigmata (1999),1.0,113754
6,2841,Stir of Echoes (1999),3.5,113754
7,6796,Boyz N the Hood (1991),,113754
8,31389,Dr. Who and the Daleks (1965),,113754
9,34206,Crippled Masters (Tian can di que) (1979),,113754
0,1840,He Got Game (1998),,129015
1,2320,Apt Pupil (1998),,129015
2,5021,Murder by Death (1976),,129015
3,5433,Silver Bullet (Stephen King's Silver Bullet) (1985),,129015
4,8126,Shock Corridor (1963),,129015
5,41165,In Her Defense,,129015
6,89114,"Last Frontier, The (1955)",,129015
7,101674,Horror of the Zombies (1974),,129015
8,106924,Zatoichi the Fugitive (Zatôichi kyôjô-tabi) (Zatôichi 4) (1963),,129015
9,121417,Scorned (1994),,129015
0,2593,"Monster, The (Mostro, Il) (1994)",,157305
1,4999,Dodsworth (1936),,157305
2,6806,Time and Tide (Seunlau Ngaklau) (2000),,157305
3,8465,Johnny Eager (1942),,157305
4,25742,Destiny (a.k.a. Between Two Worlds) (Der müde Tod) (1921),,157305
5,96545,"Mikado, The (1939)",,157305
6,124352,I Was Monty's Double (1958),,157305
7,136966,Murder Without Motive: The Edmund Perry Story (1992),,157305
8,137078,Stranger in My House (1999),,157305
9,153891,Herbstmilch (1989),,157305
0,122,Boomerang (1992),,145844
1,2171,Next Stop Wonderland (1998),,145844
2,3584,Breathless (1983),,145844
3,4934,"Exterminator, The (1980)",,145844
4,27754,Foolproof (2003),,145844
5,78332,"Beautiful Person, The (La belle personne) (2008)",,145844
6,96610,Looper (2012),,145844
7,111113,Neighbors (2014),,145844
8,152061,Triple 9 (2016),,145844
9,157424,Because They're Young (1960),,145844
0,151,Rob Roy (1995),,142684
1,1487,Selena (1997),,142684
2,1958,Terms of Endearment (1983),,142684
3,2474,"Color of Money, The (1986)",3.5,142684
4,2672,"Thirteenth Floor, The (1999)",,142684
5,3526,Parenthood (1989),3.0,142684
6,3639,"Man with the Golden Gun, The (1974)",3.5,142684
7,4298,Rififi (Du rififi chez les hommes) (1955),,142684
8,4654,Road House (1989),,142684
9,6818,Come and See (Idi i smotri) (1985),,142684
0,1609,187 (One Eight Seven) (1997),,143007
1,6466,Mississippi Masala (1991),,143007
2,27255,"Wind Will Carry Us, The (Bad ma ra khahad bord) (1999)",,143007
3,83538,"Léon Morin, Priest (Léon Morin, prêtre) (1961)",,143007
4,97184,588 Rue Paradis (Mother) (1992),,143007
5,112463,Black Gunn (1972),,143007
6,164230,Money Play$ (1998),,143007
0,4318,Postcards From the Edge (1990),,120567
1,4375,"Adventures of Felix, The (a.k.a. Funny Felix) (Drôle de Félix) (2000)",,120567
2,6131,Some Kind of Hero (1982),,120567
3,6421,"Rare Breed, The (1966)",,120567
4,6667,Waco: The Rules of Engagement (1997),,120567
5,7251,Where the Day Takes You (1992),,120567
6,26399,Five Deadly Venoms (1978),,120567
7,52199,Damnation (Karhozat) (1987),,120567
8,69429,Home from the Hill (1960),,120567
0,2845,Whiteboyz (1999),,173343
1,4953,"People That Time Forgot, The (1977)",,173343
2,5713,The Boogens (1981),,173343
3,49717,Kuutamosonaatti,,173343
4,88235,"Guard, The (2011)",,173343
5,125970,Halloweentown (1998),,173343
6,140433,The Deerslayer (1957),,173343
7,140916,Malicious (1973),,173343
8,162846,The Invisible Maniac (1990),,173343
9,167942,Wheels of Fire (1985),,173343
0,1549,Rough Magic (1995),,149977
1,2171,Next Stop Wonderland (1998),,149977
2,4569,Best of the Best 2 (1993),,149977
3,4999,Dodsworth (1936),,149977
4,6131,Some Kind of Hero (1982),,149977
5,34464,Christmas in August (Palwolui Christmas) (1998),,149977
6,52199,Damnation (Karhozat) (1987),,149977
7,84094,Beware of a Holy Whore (Warnung vor einer heiligen Nutte) (1971),,149977
8,86312,"Mouse on the Moon, The (1963)",,149977
0,2672,"Thirteenth Floor, The (1999)",,119756
1,3674,For the Love of Benji (1977),,119756
2,5407,"Bûche, La (1999)",,119756
3,6393,For Sale (À Vendre) (1998),,119756
4,7076,Bullitt (1968),,119756
5,26267,Get to Know Your Rabbit (1972),,119756
6,79213,Sade (2000),,119756
7,106672,Club Fed (1990),,119756
8,161948,Tibetana,,119756
0,19,Ace Ventura: When Nature Calls (1995),3.5,137459
1,344,Ace Ventura: Pet Detective (1994),3.5,137459
2,1059,William Shakespeare's Romeo + Juliet (1996),,137459
3,1101,Top Gun (1986),,137459
4,1248,Touch of Evil (1958),,137459
5,1653,Gattaca (1997),3.5,137459
6,2167,Blade (1998),,137459
7,2171,Next Stop Wonderland (1998),,137459
8,4934,"Exterminator, The (1980)",,137459
0,3546,What Ever Happened to Baby Jane? (1962),,141399
1,3584,Breathless (1983),,141399
2,4005,"Living Daylights, The (1987)",,141399
3,4499,Dirty Rotten Scoundrels (1988),,141399
4,7618,Chaplin (1992),,141399
5,8772,"Spy Who Came in from the Cold, The (1965)",,141399
6,31195,Pippi in the South Seas (Pippi Långstrump på de sju haven) (1970),,141399
7,34464,Christmas in August (Palwolui Christmas) (1998),,141399
8,140799,Truck Turner (1974),,141399
0,1511,"Chef in Love, A (Shekvarebuli kulinaris ataserti retsepti) (1997)",,206656
1,3103,Stanley & Iris (1990),,206656
2,4907,Across 110th Street (1972),,206656
3,6131,Some Kind of Hero (1982),,206656
4,7699,Who the Hell Is Juliette? (¿Quién diablos es Juliette?) (1997),,206656
5,34583,Prime Cut (1972),,206656
6,103380,A Coming-Out Party (1961),,206656
7,116461,How the Toys Saved Christmas (1996),,206656
8,130786,Rappin' (1985),,206656
9,152465,Vipers (2008),,206656
0,70,From Dusk Till Dawn (1996),,145675
1,1552,Con Air (1997),,145675
2,2167,Blade (1998),,145675
3,2890,Three Kings (1999),,145675
4,7022,Battle Royale (Batoru rowaiaru) (2000),,145675
5,7387,Dawn of the Dead (1978),,145675
6,8528,Dodgeball: A True Underdog Story (2004),,145675
7,8533,"Notebook, The (2004)",,145675
8,8984,Ocean's Twelve (2004),,145675
0,1840,He Got Game (1998),,123086
1,2320,Apt Pupil (1998),,123086
2,5404,84 Charing Cross Road (1987),,123086
3,8126,Shock Corridor (1963),,123086
4,8669,Stay Hungry (1976),,123086
5,72276,"Indian Tomb, The (Das indische Grabmal) (1959)",,123086
6,89114,"Last Frontier, The (1955)",,123086
7,124418,Lonesome Cowboys (1968),,123086
8,164230,Money Play$ (1998),,123086
9,169234,White Wolves - A Cry in the Wild II (1993),,123086
0,7450,Laws of Attraction (2004),,103506
1,59549,Shelter (2007),,103506
2,60887,Blindsight (2006),,103506
3,67799,The Butterfly Effect 3: Revelations (2009),,103506
4,72171,Black Dynamite (2009),,103506
5,80094,"Last Exorcism, The (2010)",,103506
6,83525,Outrage (Autoreiji) (2010),,103506
7,84525,Virus X (2010),,103506
8,114687,Unfair Competition (Concorrenza sleale) (2001),,103506
9,129773,Soulless (2012),,103506
0,364,"Lion King, The (1994)",,142734
1,541,Blade Runner (1982),,142734
2,589,Terminator 2: Judgment Day (1991),3.5,142734
3,916,Roman Holiday (1953),,142734
4,1193,One Flew Over the Cuckoo's Nest (1975),4.0,142734
5,1240,"Terminator, The (1984)",4.0,142734
6,1682,"Truman Show, The (1998)",4.5,142734
7,1722,Tomorrow Never Dies (1997),,142734
8,2701,Wild Wild West (1999),,142734
9,3584,Breathless (1983),,142734
0,2171,Next Stop Wonderland (1998),,106850
1,4574,Blind Fury (1989),,106850
2,5343,"Temp, The (1993)",,106850
3,6131,Some Kind of Hero (1982),,106850
4,31195,Pippi in the South Seas (Pippi Långstrump på de sju haven) (1970),,106850
5,34464,Christmas in August (Palwolui Christmas) (1998),,106850
6,73148,Bridge of Dragons (1999),,106850
7,86312,"Mouse on the Moon, The (1963)",,106850
8,106924,Zatoichi the Fugitive (Zatôichi kyôjô-tabi) (Zatôichi 4) (1963),,106850
9,159181,"Johnny Cash: The Man, His World, His Music (1969)",,106850
0,1840,He Got Game (1998),,143394
1,4999,Dodsworth (1936),4.0,143394
2,6417,Live Wire (1992),,143394
3,6497,Is Paris Burning? (Paris brûle-t-il?) (1966),,143394
4,25948,Yellow Sky (1948),,143394
5,34206,Crippled Masters (Tian can di que) (1979),,143394
6,84111,"Nun, The (La religieuse) (1966)",,143394
7,86312,"Mouse on the Moon, The (1963)",,143394
8,96775,"Perfect Murder, The (1988)",,143394
9,136966,Murder Without Motive: The Edmund Perry Story (1992),,143394
0,32029,Hostage (2005),,143473
1,60937,"Mummy: Tomb of the Dragon Emperor, The (2008)",,143473
2,74795,Green Zone (2010),,143473
3,80430,Palermo Shooting (2008),,143473
4,88235,"Guard, The (2011)",,143473
5,104337,Lee Daniels' The Butler (2013),,143473
6,117061,The Green (2011),,143473
7,128512,Paper Towns (2015),,143473
8,128838,Crimson Peak (2015),,143473
9,164695,Capsule (2015),,143473
0,2,Jumanji (1995),,141758
1,10,GoldenEye (1995),,141758
2,910,Some Like It Hot (1959),,141758
3,1213,Goodfellas (1990),,141758
4,1653,Gattaca (1997),,141758
5,2231,Rounders (1998),,141758
6,2273,Rush Hour (1998),,141758
7,2997,Being John Malkovich (1999),,141758
8,3948,Meet the Parents (2000),,141758
0,186,Nine Months (1995),,134221
1,514,"Ref, The (1994)",,134221
2,1674,Witness (1985),,134221
3,4318,Postcards From the Edge (1990),,134221
4,6242,Ringu (Ring) (1998),,134221
5,7251,Where the Day Takes You (1992),,134221
6,26399,Five Deadly Venoms (1978),,134221
7,26776,Porco Rosso (Crimson Pig) (Kurenai no buta) (1992),,134221
8,31195,Pippi in the South Seas (Pippi Långstrump på de sju haven) (1970),,134221
9,159181,"Johnny Cash: The Man, His World, His Music (1969)",,134221
0,10,GoldenEye (1995),,137961
1,50,"Usual Suspects, The (1995)",,137961
2,1840,He Got Game (1998),,137961
3,2167,Blade (1998),,137961
4,2171,Next Stop Wonderland (1998),,137961
5,2971,All That Jazz (1979),,137961
6,5433,Silver Bullet (Stephen King's Silver Bullet) (1985),,137961
7,26776,Porco Rosso (Crimson Pig) (Kurenai no buta) (1992),,137961
8,70188,Wild River (1960),,137961
9,106924,Zatoichi the Fugitive (Zatôichi kyôjô-tabi) (Zatôichi 4) (1963),,137961
0,4446,Final Fantasy: The Spirits Within (2001),,112343
1,6593,Freaky Friday (2003),,112343
2,8644,"I, Robot (2004)",,112343
3,42015,Casanova (2005),,112343
4,66330,Fireflies in the Garden (2008),,112343
5,113968,2081 (2009),,112343
6,115569,Nightcrawler (2014),,112343
7,140341,Lava (2015),,112343
8,161928,Symphony No. 42 (2014),,112343
9,169492,Tonight It's You (2016),,112343
0,1185,My Left Foot (1989),,142922
1,5407,"Bûche, La (1999)",,142922
2,6628,Hot Dog... The Movie (1984),,142922
3,6676,Incident at Oglala (1992),,142922
4,7400,Beyond the Stars (1989),,142922
5,8772,"Spy Who Came in from the Cold, The (1965)",,142922
6,34206,Crippled Masters (Tian can di que) (1979),,142922
7,78673,Children in the Wind (Kaze no naka no kodomo) (1937),,142922
8,79213,Sade (2000),,142922
9,114420,When Eight Bells Toll (1971),,142922
0,935,"Band Wagon, The (1953)",,144039
1,1376,Star Trek IV: The Voyage Home (1986),,144039
2,4093,Cop (1988),,144039
3,5645,Texasville (1990),,144039
4,8698,"Comfort of Strangers, The (1990)",,144039
5,34177,"Hindenburg, The (1975)",,144039
6,57499,Heaven and Earth (Ten to Chi to) (1990),,144039
7,79656,"Great Caruso, The (1951)",,144039
8,106672,Club Fed (1990),,144039
9,121447,The Bride (1985),,144039
0,10,GoldenEye (1995),,187384
1,2167,Blade (1998),,187384
2,5816,Harry Potter and the Chamber of Secrets (2002),,187384
3,8528,Dodgeball: A True Underdog Story (2004),,187384
4,8644,"I, Robot (2004)",,187384
5,40815,Harry Potter and the Goblet of Fire (2005),,187384
6,64716,Seven Pounds (2008),,187384
7,107406,Snowpiercer (2013),,187384
8,111364,Godzilla (2014),,187384
9,152081,Zootopia (2016),,187384
0,1840,He Got Game (1998),,146436
1,7450,Laws of Attraction (2004),,146436
2,8772,"Spy Who Came in from the Cold, The (1965)",,146436
3,26946,No Way Home (1996),,146436
4,50942,"Wake Up, Ron Burgundy (2004)",,146436
5,59549,Shelter (2007),,146436
6,84525,Virus X (2010),,146436
7,121417,Scorned (1994),,146436
8,135673,Macaroni (1985),,146436
0,3674,For the Love of Benji (1977),,200831
1,6628,Hot Dog... The Movie (1984),,200831
2,26267,Get to Know Your Rabbit (1972),,200831
3,34206,Crippled Masters (Tian can di que) (1979),,200831
4,79213,Sade (2000),,200831
5,106672,Club Fed (1990),,200831
6,118734,Zorro (1975),,200831
7,120879,Soap and Water (1983),,200831
0,72171,Black Dynamite (2009),,144031
1,72720,"Single Man, A (2009)",,144031
2,84738,Slaughter (2009),,144031
3,88235,"Guard, The (2011)",,144031
4,91094,"Muppets, The (2011)",,144031
5,131148,What A Man (2011),,144031
6,149344,Pete's Christmas (2013),,144031
7,154210,The chosen (2006),,144031
8,160128,Doomsdays (2013),,144031
9,169426,Indivisible (2016),,144031
0,10,GoldenEye (1995),,200957
1,50,"Usual Suspects, The (1995)",,200957
2,589,Terminator 2: Judgment Day (1991),,200957
3,1206,"Clockwork Orange, A (1971)",,200957
4,1207,To Kill a Mockingbird (1962),,200957
5,1544,"Lost World: Jurassic Park, The (1997)",,200957
6,2194,"Untouchables, The (1987)",4.5,200957
7,2997,Being John Malkovich (1999),,200957
8,4027,"O Brother, Where Art Thou? (2000)",,200957
0,1399,Marvin's Room (1996),,197951
1,4298,Rififi (Du rififi chez les hommes) (1955),,197951
2,5407,"Bûche, La (1999)",,197951
3,5433,Silver Bullet (Stephen King's Silver Bullet) (1985),,197951
4,26280,Traffic (Trafic) (1971),,197951
5,27174,Without Evidence (1995),,197951
6,97184,588 Rue Paradis (Mother) (1992),,197951
7,124352,I Was Monty's Double (1958),,197951
8,136966,Murder Without Motive: The Edmund Perry Story (1992),,197951
9,171051,Without Evidence (1995),,197951
0,39,Clueless (1995),,109230
1,1586,G.I. Jane (1997),,109230
2,1674,Witness (1985),,109230
3,1754,Fallen (1998),,109230
4,2517,Christine (1983),,109230
5,2986,RoboCop 2 (1990),,109230
6,3827,Space Cowboys (2000),,109230
7,5928,"Border, The (1982)",,109230
8,6242,Ringu (Ring) (1998),,109230
9,6454,Music Box (1989),,109230
0,1549,Rough Magic (1995),,135679
1,2171,Next Stop Wonderland (1998),4.0,135679
2,4569,Best of the Best 2 (1993),,135679
3,5727,Deadly Blessing (1981),,135679
4,5928,"Border, The (1982)",,135679
5,6131,Some Kind of Hero (1982),,135679
6,34464,Christmas in August (Palwolui Christmas) (1998),,135679
7,52199,Damnation (Karhozat) (1987),,135679
8,84094,Beware of a Holy Whore (Warnung vor einer heiligen Nutte) (1971),,135679
9,86312,"Mouse on the Moon, The (1963)",,135679
0,2,Jumanji (1995),3.0,138638
1,344,Ace Ventura: Pet Detective (1994),,138638
2,899,Singin' in the Rain (1952),,138638
3,1059,William Shakespeare's Romeo + Juliet (1996),,138638
4,2145,Pretty in Pink (1986),,138638
5,3481,High Fidelity (2000),,138638
6,3948,Meet the Parents (2000),2.5,138638
7,5008,Witness for the Prosecution (1957),,138638
0,2008,"This World, Then the Fireworks (1997)",,195986
1,5433,Silver Bullet (Stephen King's Silver Bullet) (1985),,195986
2,6457,Sink the Bismark! (1960),,195986
3,6676,Incident at Oglala (1992),,195986
4,7400,Beyond the Stars (1989),,195986
5,59935,Flesh Gordon (1974),,195986
6,79213,Sade (2000),,195986
7,124352,I Was Monty's Double (1958),,195986
8,137078,Stranger in My House (1999),,195986
9,163194,Davy Crockett and the River Pirates (1956),,195986
0,1489,Cats Don't Dance (1997),,103482
1,1993,Child's Play 3 (1991),,103482
2,2053,"Honey, I Blew Up the Kid (1992)",,103482
3,2890,Three Kings (1999),,103482
4,6457,Sink the Bismark! (1960),,103482
5,6782,Leningrad Cowboys Go America (1989),,103482
6,27192,"Prophecy 3: The Ascent, The (2000)",,103482
7,51279,"Boxer from Shantung, The (Ma yong zhen) (1972)",,103482
8,178013,The Boxer from Shantung (1972),,103482
0,1965,Repo Man (1984),,126637
1,2516,Children of the Corn III (1994),,126637
2,4931,Don't Go in the House (1980),,126637
3,4953,"People That Time Forgot, The (1977)",,126637
4,26267,Get to Know Your Rabbit (1972),,126637
5,26792,Sidekicks (1992),,126637
6,103380,A Coming-Out Party (1961),,126637
7,106672,Club Fed (1990),,126637
8,137078,Stranger in My House (1999),,126637
9,141808,A Summer to Remember (1960),,126637
0,2423,Christmas Vacation (National Lampoon's Christmas Vacation) (1989),,199252
1,2516,Children of the Corn III (1994),,199252
2,7011,"Bullfighter, The (Matador) (1986)",,199252
3,7618,Chaplin (1992),,199252
4,8447,This Island Earth (1955),,199252
5,26267,Get to Know Your Rabbit (1972),,199252
6,31747,The Boyfriend School (1990),,199252
7,103380,A Coming-Out Party (1961),,199252
8,106672,Club Fed (1990),,199252
9,164230,Money Play$ (1998),,199252
0,10,GoldenEye (1995),,112924
1,916,Roman Holiday (1953),,112924
2,1237,"Seventh Seal, The (Sjunde inseglet, Det) (1957)",,112924
3,1653,Gattaca (1997),,112924
4,2167,Blade (1998),,112924
5,2231,Rounders (1998),,112924
6,2701,Wild Wild West (1999),,112924
7,2890,Three Kings (1999),,112924
8,6497,Is Paris Burning? (Paris brûle-t-il?) (1966),,112924
9,7387,Dawn of the Dead (1978),,112924
0,2008,"This World, Then the Fireworks (1997)",,126593
1,6806,Time and Tide (Seunlau Ngaklau) (2000),,126593
2,7618,Chaplin (1992),,126593
3,8772,"Spy Who Came in from the Cold, The (1965)",,126593
4,37683,Chapter Two (1979),,126593
5,124352,I Was Monty's Double (1958),,126593
6,137078,Stranger in My House (1999),,126593
7,152047,Dunkirk (1958),,126593
8,153084,Love on the Ground (1984),,126593
9,166611,A Dangerous Man: Lawrence After Arabia (1992),,126593
0,122,Boomerang (1992),,132221
1,3103,Stanley & Iris (1990),,132221
2,3584,Breathless (1983),,132221
3,8668,Some Girl (1998),,132221
4,8772,"Spy Who Came in from the Cold, The (1965)",,132221
5,104043,Two Guys Talkin' About Girls (1995),,132221
6,140799,Truck Turner (1974),,132221
7,147310,Under the Gun (1995),,132221
0,32,Twelve Monkeys (a.k.a. 12 Monkeys) (1995),,142676
1,288,Natural Born Killers (1994),1.5,142676
2,541,Blade Runner (1982),3.0,142676
3,733,"Rock, The (1996)",3.0,142676
4,1193,One Flew Over the Cuckoo's Nest (1975),2.0,142676
5,1274,Akira (1988),,142676
6,1304,Butch Cassidy and the Sundance Kid (1969),,142676
7,1682,"Truman Show, The (1998)",3.5,142676
8,7022,Battle Royale (Batoru rowaiaru) (2000),,142676
9,7771,Zorba the Greek (Alexis Zorbas) (1964),,142676
